Id,aug_mult
u7w0lr,2
2vqGOF,2
oO5UVE,2
yMg9ew,2
Qrt4Ax,2
WIiRD7,2
9rOtnD,2
26W9oD,2
FIE67H,2
WTHZva,2
xz5ZGp,2
2qEbuk,2
bmnOkL,2
qHYE4w,2
GgHf6s,2
wQMMKq,2
DibTY4,2
qxdBAf,2
cpyXWh,2
cf5xEW,2
3M8DjI,2
CMIj0Q,4
mTu2ny,2
G7f4Ng,2
VLCYMp,2
g7LApw,2
1IidFS,2
Z5CEoQ,2
fjPj1X,2
Em0ZDe,2
xDFSmc,2
SBZU2R,2
ktHRRF,2
EvEoFH,2
Z6smZn,2
AU3hmv,2
iarnUB,2
eFI7Dm,2
xBQcej,2
8vmc9D,2
W7He1L,4
XWNJtt,2
ANpGJS,2
aP9rAk,2
fEB8Dh,2
qGB7Q1,2
EVpLCw,2
6rszZh,2
izUibZ,2
uTs3TG,2
oZiRhu,2
Iqjrcq,2
jjJ1tZ,2
rBFRc5,2
QHanoL,2
xPRZhf,2
f2jeRS,2
Ce5VKe,2
uqTRf6,2
NwCeow,2
2zQe3l,2
6mUCZ2,2
meAw7m,2
WcPMMw,2
pHVB9w,2
Cx8iMT,2
wMDNGL,2
YcClSX,2
l7Ly1S,2
ernmJh,2
KNEVxq,2
pCkB97,2
N5Salg,2
5uG1N4,2
fIfHIZ,2
tqfeMq,2
R03j1I,2
FTZSuh,2
00Qi46,2
a7gYul,2
erhyoO,2
ae2D1I,2
MynPT4,2
f4bbP6,2
s1TaKr,2
lSWEye,2
gerbBA,2
VCDLdh,2
S1JUrJ,2
YGB5ZA,2
CJewAZ,2
nqDmfJ,2
HKkw65,2
BvKXHK,2
T5uWL6,2
0MVV7S,2
90KoHt,2
BagFnq,2
fMfdLR,2
5xGTtT,2
g6dxLb,2
uw0oa4,2
dvak66,2
zZ6ACe,2
jnFkzB,2
dO8WQV,2
5bP5zg,2
WCVLSb,2
wj9uSW,2
gG5XeX,2
4r35bk,2
YlMowU,2
Ht1HXe,2
7TL3d1,2
U6KSIF,2
62jKSY,2
nP1I5r,2
gCnK33,2
nVlkak,2
8n5MQI,2
Dd7yrP,2
AnBwLR,2
08lcer,2
wIp0Hv,2
X51zKg,2
WGIQOX,2
afBztG,2
G2J9QY,2
iRCHho,2
9XPorm,2
XtxRV5,2
aR55Zg,2
Da4oiX,2
kenOcN,2
jdZWDW,2
J2HaNt,2
7rCPdX,2
MjIq4T,2
edRNnL,2
EHuRAQ,2
JvWpVm,2
3WMX9w,2
JlyGot,2
SfEwzq,2
mx5J23,2
FwKGit,2
fKdVuo,2
mpS1qi,2
WPLzrR,2
ZnhNFn,2
q2cDTN,2
tJkie6,2
rwA3QD,2
Whkm0k,2
MuH6b3,2
d0OCLq,2
s7Mslr,2
DDhuRc,2
YX2UwJ,2
kfQC3J,2
LWILGY,2
SSUeI4,2
g1RrAB,2
G4eptB,2
5ZSVIt,2
zGJOql,2
FZjJOc,2
kNuWgJ,2
nYxJjH,2
op9omO,2
9MbU9l,2
6oGIJG,2
oopcVx,2
1RtKJe,2
kainxd,2
aMBEeX,2
uyvfjO,2
0VgANu,2
KGZ9in,2
wSUUO2,2
TkbFKk,2
NLFyVM,2
fYXUH3,2
wlT64l,2
9PMwxO,2
8oen7b,2
OKdGUL,2
87ush6,2
N5eMP1,2
o2AxsT,2
yksWiO,2
InbfpO,2
fEmP3D,2
g9UoFl,2
V9nQ7x,2
iACyDZ,2
4XWGip,2
Rpu9nS,2
h27RTf,2
KknlkH,2
SY8naP,2
HGc1gC,2
qT4eTt,2
vcj2v4,2
aXzaFk,2
d0kdfH,2
Fld1NP,2
wR3JYC,2
uVFBKD,2
8HH8J7,2
w16uw7,2
Y6lsMz,2
bb9VRa,2
mrheiz,2
aXU0Cc,2
oHe3IX,2
KEYMbe,2
jgivtP,2
VymSlN,2
VoBdjF,2
OzTbHT,2
BeU3Ae,2
TZSGD9,2
N3n109,2
TBCnTy,2
ylU8n7,2
ffiDf1,2
FcHXhA,2
yBhSAf,2
A3zcqS,2
RRXZKu,2
YxblMm,2
D9wfan,2
unqUYq,2
3ZBNPR,2
kQ5JVB,2
mVEPOP,2
IkGcsb,2
iuytZv,2
IVgZKZ,2
FGXdAk,2
Yv1n49,2
vD1NJD,2
TiFHpx,2
joWKjc,2
Eac4Jk,2
ZO5hHJ,2
1tTAio,2
LzCOJT,2
v0eryt,2
KNt042,2
VGiFKb,2
ycSWN7,2
HbxVgx,2
vWpZvB,2
wnDqMm,2
RKz7GZ,2
ALlVu0,2
PxcQEr,2
YQK1CL,2
Sq803M,2
L21vTP,2
rXxCCr,2
cyZWOr,2
2Fz3lI,2
2Xi7WP,2
EFQC5X,2
jYoUnm,2
01tbp8,2
ehvgnk,2
Rzdkco,2
vKBYZX,2
WAvyvi,2
UDUZvx,2
cFQZhh,2
e0BwRh,2
m2m8Nx,2
eiGA5E,4
5L5iU9,2
JhMxQi,2
B3HJ22,2
BYkTS1,2
APhinm,2
3Ii5HO,2
8PfELy,2
U15ZSM,2
qLi1oX,2
h3lwhC,2
4uk9YW,2
PGP1JD,2
2koYk3,2
rkfOpd,2
RS2vmt,4
lyXtSi,2
qVz2H6,2
i00J9G,2
sa1eva,2
VqKfGo,2
WBggDi,2
SrJZpV,2
Z26bsX,2
oZdBlL,2
ODwl7k,2
wCbwPl,2
Wymfvo,2
jQYGVT,2
J76glE,2
ylo2yv,2
Ubpbu9,2
GLj11Y,2
VBpmC2,2
RMtzAf,2
RPhbo6,2
GwHyI3,2
o3saxe,2
MacaAb,2
vKGSbp,2
5CJygE,2
g93QAq,2
6fkKw7,2
dc7u34,2
Zm0AtB,2
dyYCLY,2
bMxfan,2
RUCUKW,2
wsPFFS,2
8VCyxM,2
lP923E,2
NrhLrn,2
qzL6iK,2
EZHmE4,2
d4kgbX,2
lDzXlG,2
yB87HA,2
CSnuPh,2
bZNI9Y,2
sVeX2h,2
jQ2I7a,2
PXzQRA,2
5UllUx,2
nd1dDa,2
OSjqsI,2
GiFCg6,2
INeeQM,2
x18WUy,2
Mib78e,2
quIPlt,2
jU7a0y,2
vlREki,2
LFXbFA,2
sWoKjK,2
RDubAZ,2
GiIoJt,2
0g5qOU,2
dkMSq6,2
bRt17N,2
AGi04h,2
FEhcsj,2
9OkhTp,2
hS3Nth,2
s9eW2E,2
DurcYx,2
eEx31z,2
26c2MG,2
ODSP72,2
4TGJsM,2
c3YllF,2
5RmnHq,2
HznhUX,2
FXjubw,2
COfcRg,2
MIQDfB,2
oypvTx,2
0E8q48,2
X93SWP,2
sXR586,2
EoCdSG,2
51GUPp,2
vjMzTp,2
C6cS5T,2
TxeeWF,2
fc9Owu,2
xDwnP1,2
ue3jXm,2
W1UnWM,2
kfQ7yd,2
1yx2k0,2
1AyyPt,2
d54mCK,4
H5D9KB,2
Hao1TO,2
BR8pbk,2
fpjva5,2
tIZ9uZ,2
20i38I,2
Z4niTv,2
MeuJJA,2
lb7Ahz,2
uuXfbf,2
YAZuZW,2
0lCD1I,2
1ahxun,2
HREFAh,2
l4g6QC,2
UqgGEn,2
3HlkP8,2
4fMVnC,2
gWyXHL,2
lrdixX,2
6H5CZ7,2
OREE5s,2
L0KgEH,2
HBfijS,2
CUp1Or,2
7WR037,2
C25PVe,4
hYsF5J,2
1SkXyE,2
lzUevU,2
05AFoR,2
8RQArf,2
Go4eTW,2
KAPWHC,2
epYS97,2
0SkkYa,2
sBygKu,2
kUsoeG,2
tvvZkB,2
MbaxdG,2
Fi0ME0,2
BIInjF,2
aaxYEa,2
Rw3Qq7,2
awKWAC,2
jOmp04,2
AEq49f,2
axNbDZ,2
hyqhRD,2
nhevKU,2
khhRwQ,2
QWZL1h,2
U3eK2G,2
93FAqn,2
sHyIwY,2
HDYzkT,2
N2gAK6,2
9MyKiw,2
GAhtD0,2
Bocelv,2
dEMdmU,2
iPIUXQ,2
qyEgSt,2
bc7lD2,2
jgC5PW,2
q8LoQd,2
UiB529,2
z3vgnJ,2
AMVWY9,2
nEA5IK,2
hK6reY,2
3yKoYW,2
yK1RiW,2
jlkxsZ,2
7gCbf9,2
2YEaJT,4
iqwzbc,2
8BAYxr,2
AAjydM,2
yRuDzp,2
4KQGpJ,2
eOWeak,2
GVLbtM,2
9opzg1,2
KOD8WL,2
BEIX3m,2
EAkI4e,2
Go6mHe,2
WB1Yyx,2
kIcfQM,2
vs7Th0,2
zKBaN1,2
gGELfA,2
SkZSxw,2
cxHRVn,2
Ktj84C,2
TTfueZ,2
jSSChv,2
hCYBm1,2
F4ArMw,2
ULi1ms,2
9vaEKM,2
yYuGgC,2
wzr2tH,2
Dqv5YN,2
HiPvOH,2
M9yL6E,2
HRCMzu,2
M95Mu2,2
T3u2D2,2
8fIaFH,2
EAwuzz,2
wGHOSN,2
5qITby,2
INSlg7,2
hIvwqc,2
Kw5YEK,2
GFn5kX,2
0OmWVr,2
4zBSYK,2
sZgnCu,2
4oSaML,2
zXB6b7,2
gFYdXQ,2
weJd0r,2
tKUEMA,2
OHYysh,2
HdivSt,2
qC4ysW,2
bZcSU5,2
Rjk4NV,2
2c4aEs,2
b0IVMo,2
mToMTo,2
bV4mlW,2
GsXybM,2
4ImcQk,2
4momun,2
9yNAYu,2
qwntDA,2
5rihCT,2
eyIrIY,2
ZGZv0D,2
3mGuPB,2
jm8nVl,2
uh9gLf,2
ELxyb0,2
d38ICK,2
eWKqRp,2
678e4w,2
fLg34x,2
GkX3SM,2
Z5xUq5,2
Hj9hd0,2
WBtJqv,2
jSXWqt,2
op27Hc,2
03ND7N,2
kbMmH2,2
7sATHd,2
IAQcZQ,2
SJAvwh,2
1PSjxy,2
bq1dA9,2
eh49rM,2
SA8HtK,2
IWk3pp,2
yXlm97,2
dNNK6X,2
mhNP1X,2
W5FlgK,2
ZcZKs4,2
NEYexM,2
7cqFnz,2
TfuLAP,2
Ciwpe1,2
p6ClSq,2
iTYCGW,2
3aftv1,2
8SovV7,2
1OWTfc,2
fZaoQw,2
jGXEG5,2
6oHD7F,2
nJwv9f,2
LvtFxl,2
IHDX3C,2
uJK6uQ,2
R5hnsP,2
AmqPuQ,2
sOydcR,2
MpEVxP,2
iC3doj,2
RyJyH3,2
2oHeym,2
gbgkYb,2
waX0E5,2
GcMR5O,2
0VCeOb,2
X35Jel,2
KeaBzO,2
rgoDpW,2
4P74pL,2
96NfXn,2
7nVIdL,2
KUL9V5,2
KpRw7L,2
dWGcTp,2
WJsCsA,2
zAPAtM,2
LyDZh1,2
ZxEv7U,2
WKQviD,2
k8HpDe,2
hJNZWd,2
2wiivl,2
OMhrg5,2
gaHXJ6,2
yhhDr8,2
Y0oqpL,2
YqAPRQ,2
pYLTYE,2
06JaJN,2
vesYu3,2
1IWB3w,2
YBG0mE,2
t3wZfc,2
brz0oX,2
Uj2j8U,2
wAtZ1b,2
VuoOEJ,2
5DeIDu,2
B7tb0e,2
za9y2l,2
DGihpd,2
ToHvmz,2
fi0Ipu,2
GehYxe,2
YSUzBN,2
3wUeSG,2
sSlfFu,2
rzc2q5,2
EZwt5N,2
Hv60YA,2
Hohhn8,2
MsAGh4,2
tyJLs4,2
tsJEWT,2
i0kBZr,2
judsMZ,2
vxeiCj,2
pRTpAP,2
eoQAoy,2
6xQCVJ,2
VnzFjE,2
naWBhj,2
ERSgo5,2
ZaZRNo,2
rG1cy4,2
a2BCBQ,2
LXiVdb,2
aTOWmB,2
jWEJYy,2
lWLjQ7,2
0InCYD,2
eCZtLj,2
ePWXXI,2
XB8WCY,2
740Bup,2
akojY2,2
LLU6NS,2
b88ctq,2
RXf34E,2
GNPJeW,2
upqO2O,2
myfr7p,2
5aCe8r,2
kpjEBP,2
ZtsOcs,2
uU848Z,2
rgWI2p,2
EbzsmW,2
h8wlMy,2
YeXZhm,2
YBAaq1,2
SpyiRg,2
wQeE6s,2
oBtNq0,2
VVvzoc,2
TbDjh5,2
Atag53,2
ZenG6k,2
xukvYg,2
maahdP,2
TSrFtC,2
EIjAaJ,2
ytzlzi,2
XApo1C,2
okUMjC,2
OeDwWR,2
I5nwN2,2
iUpLBz,2
ChysVq,2
pgTYhI,2
MNjaYH,2
dwiSIC,2
xm4qfk,2
G6Qzko,2
uCUwRr,2
8qopTk,2
U9N0L1,2
p5awQs,2
iMbGE7,2
jcZPAf,2
8zYjpj,2
WL7Wux,2
xGVxtR,2
gXs922,2
awK36H,2
WY3E3U,2
UTmujC,2
HvyHiv,2
s9QE0B,2
jzJeBj,2
mPBM05,2
yjR5o2,2
HzolcF,2
6Nahee,2
Tft9nY,4
n9WZ5v,2
V6S2Ky,2
AOwNoG,2
AxDmHs,2
nhxXKr,2
z8KdbL,2
pQcO50,2
WK4Uam,2
PAHJB7,2
BmqcGY,2
jDyMGq,2
9Wdb8m,2
izEUa2,2
N2kOwE,2
KOBpOR,2
uMpxkI,2
YYyHOL,2
93VKaE,2
WiYsuH,2
d4Ss3V,2
yBn0Uf,2
LM6hVf,2
eIKbXE,2
Me6j5y,2
g6MM2L,2
sAZG7g,4
jgs1KP,2
cROadH,2
XGrfcQ,2
UwKoCL,2
o59y4Q,2
A2CNts,2
6ZYEyE,2
erstJp,2
nG3v0k,2
7jdXcZ,2
zxnkQD,2
CuX8I5,2
hlEjpa,2
20FeId,2
K86Ekc,2
N0NWmI,2
0UT3jk,2
h2hiK9,2
GVqGG1,2
VuxKrw,2
1MbvBr,2
BtMsMf,2
ylx0Wx,2
FSTCtf,2
DQJ6ZQ,2
q5JGTU,2
6mQK2t,2
dHgq39,2
cptRBv,2
S2DElu,2
qybkyq,2
stR66i,2
irAWhq,2
4RgOBL,2
jy4l0k,2
OwM7hf,2
EKY5M0,2
NU76Fi,2
2TduU9,2
48TvgT,2
zUIVzx,2
W3e6mb,2
ntm7ZF,2
NdlSXJ,2
Soyt9k,2
wfnQdA,2
G3R765,2
6vdSRs,2
ZtblAe,2
EkW517,2
FZDZNw,2
WvPpVR,2
r8VoKs,2
wabEWc,2
7fKyUb,2
oFbOMy,2
z7LvhT,2
v6jdUf,2
04eUIC,2
K3XeAD,2
qaUZtI,2
VeyDcF,2
jF7q3d,2
0c1dby,2
PxumAg,2
5FDVen,2
jBkt9l,2
M3ImVU,2
iifpV9,4
hq5s5K,2
qgoT9T,2
EWKMuk,2
Mk1uwW,2
r8ajA3,2
VlcLtX,2
VHmM74,2
2hJuIU,2
hI8PO9,2
6jclO0,2
uknVMQ,2
SE2BP3,2
10AvNV,2
MJuI3k,2
exSoHv,2
u7o8GC,2
tF0kEP,2
FKufLD,2
lzfNT2,2
GXO8eZ,2
i5CK6g,2
2sn64O,2
pEiAe2,2
yOGdXA,2
rwhcqO,2
wU2EOM,2
0KOAox,2
lk0fTq,2
PLqot7,2
050Y7Q,2
qA8aos,2
jDyyYP,2
7LHYK0,2
7Xq51V,2
NibZDi,2
56RhTV,2
xHtJqt,2
3cGqNX,2
pgsHR9,2
XUadfW,2
eABQpW,2
ZSH7Qr,2
0ALXuv,2
GLGceb,2
Lhl72D,2
tRsAOf,2
0pzoUo,2
esMTd3,2
21uILf,2
UeqYig,2
Gqxc7S,2
hN6NPw,2
rA2UHo,2
VS9zgg,2
3xt2mD,2
7tPPkU,2
VCUBWD,2
KiOcQq,2
fL0ScI,2
5vyOaV,2
4KEKNs,2
wG21In,2
zI4pep,2
DuDila,2
P3wtoh,2
8ZyJNS,2
7DAOYI,2
LVOSrj,2
OrxeI7,2
xTTSmy,2
wQRbwd,2
NPpQn4,2
iTukuS,2
vQmwnY,2
embSNa,2
QJi49u,2
ZPjlll,2
mALGQZ,2
AHmNW7,2
RJXcoK,2
K9RKNl,2
F84SDO,2
y7bSkX,2
13jJqJ,2
7neMRS,2
rhuYqm,2
CRLbmr,2
1v2XtT,2
yP3vMw,2
FH27Wg,2
cJFuwq,2
Xg1OYI,2
iW5CpG,2
mtVjx7,2
esXIfQ,2
jIiF5l,2
ZCKram,2
M42MJx,2
mhqsJz,2
lMiWL8,2
Vc1bdi,2
FakI0G,2
NlLTgT,2
7PgP3u,2
ILIKZr,2
X6aj1k,2
aCO0UW,2
SYBYh1,2
jWDNcV,2
qwa5mj,2
nRU6dN,2
zg48Dp,2
mlJ36l,2
wvy6eX,2
bp2Z9B,2
kSIG6q,2
SEhyRp,2
HGJkXE,2
b6voP5,2
QuY2aG,2
j1VE3k,2
HIAqoL,2
GqTeco,2
itHOvc,2
qTPWRh,2
UeZywn,2
c0g99i,2
hCZ6YZ,2
gpUZYU,2
2qNmvi,2
AEauNz,2
jL78fX,2
yIVFOH,2
AcuLSh,2
1hrmhl,2
qJJLm3,2
SpR3oV,2
hRDsuL,2
rf31sB,2
ewoDTd,2
mlD8kl,2
SsVcZl,2
qHPgAF,2
SHsVl0,2
Ez3ftd,2
vFUMVX,2
NWpkD9,2
YyrbKs,2
bTNiLT,2
6gNNbF,2
hamZ0o,2
0FKinS,2
OATH0G,2
eKxe0N,2
vkx7JU,2
ZHXVVi,2
jzPEj3,2
jbzCFT,2
3Cts6Z,2
l6xTl8,2
8E8TuE,2
zzFICt,2
v9Vies,2
9VhZSr,2
YZL3Pd,2
JqutMU,2
lRxj4g,2
UtigxF,2
9AIcdP,4
qvI0am,2
iQzW2m,2
6txzuG,2
3DVo0g,2
UmEeEZ,2
pQLml7,2
pGhF7L,2
UjDhXo,2
npOo8z,2
wx8C6Z,2
3p7bGf,2
khP1iy,2
hQsO4w,2
qw4LCQ,2
Ithvng,2
BIU7l7,2
xWOruT,2
hAS3CA,2
OJol3D,2
CG3Ws7,2
Jzt2md,2
V76n75,2
9UKotH,2
Ki4aHR,2
RsBGKo,2
spehuD,2
STb51I,2
D6lmit,2
bprRJm,2
shXN6L,2
C8IzNT,2
1T7HPC,2
UflgxE,2
YjDHqf,2
xcOvRh,2
o4RTTV,2
N1LviI,2
xgc58m,2
71Hhrp,2
TYJ9Li,2
vNjKOX,2
tZMkYF,2
JvHf2H,4
jjhfRk,2
noCgTh,2
ZYQr4G,2
DYvpJZ,2
PPSO8E,2
G0go9V,2
0JWCf7,2
SrBVNm,2
Cx3yNd,2
nFqMQe,2
3D6vm9,2
ehZlah,2
zhSKze,2
3ELGE0,2
MLvnLh,2
z2VMoC,2
qVBLrh,2
SmeZQO,2
YFqOpZ,2
FMuJYU,2
V6GBIH,2
p5H8l9,2
2OPI31,2
8YQyd3,2
tnl4nu,2
dHFAQP,2
6wSbd6,2
GenVYJ,2
cv8Pg8,2
7GpdiG,2
YAyWMz,2
8XNTyT,2
JdtmIF,2
BMCK1D,2
YjFqcl,2
iVnK20,2
Qmzywy,2
BuscEt,2
pFRCNm,2
g4maiy,2
RpNWxx,4
gc53pF,2
TH89NC,2
SKPzXe,2
z4bfCg,2
Ge3ITv,4
MULcc7,2
IVKaGr,2
JckROA,2
AVOqjN,2
eoj5v8,2
M1Zajy,2
soxvXm,4
2DIH7G,2
cFfb1v,2
vOi1mC,2
uHNKr0,2
0KIu5B,2
NLVdmN,2
CsznHj,2
cXS446,2
sbEGHm,2
e1dDUU,2
tHhlDw,2
BanS3L,2
Hm0LNI,2
hhaZ12,2
RYMfc3,2
QIzO6u,2
JFqOOR,2
vKtkzf,2
Jo3yGU,2
q25juj,2
cWguES,2
5u3UNd,2
Rs40CJ,2
HDcSUv,2
cNYDIE,2
Y6RDsN,2
eAfPwm,2
ohYvkz,2
m5Iisd,2
Mf9tg3,2
rx2Kp0,2
55xcW1,2
viknQf,2
qAyLAg,2
bqCvyQ,2
WuSWL4,2
xcWKyP,2
izB9hG,2
9oOed3,2
lUAvRP,2
rRyqT9,2
gpLxe8,2
fpUT5v,2
X6U6bo,2
0wiUEb,2
YKSUbg,2
F6jaK1,2
mnYFlF,2
mAGrw6,2
HXjZ9P,2
RCBQCe,2
jZIG50,2
OG2cNm,2
vYQXJL,2
ZqZBfJ,4
AfCMhB,2
tSJDNG,2
hvVxXx,2
dnQDLt,2
JdY6iE,2
jbmxQU,2
go4xXY,2
MJNBT4,2
ZB3PBz,2
kDcOFZ,2
D8MpMn,2
gaP7Mp,2
mjFrbF,4
u7fU9a,2
MxjAPV,2
fxeFx0,2
hbnrPo,2
hOGPYt,2
48j2Bg,2
TDntJ0,2
SFbrQZ,2
uvPXK6,2
JBrdGE,2
WvElgb,2
kGQLGG,2
1c1HKq,2
jONNXe,2
Migaes,2
AIzn2D,2
3qSEOP,2
5uXS6p,2
EGRBEs,2
Og02Za,2
fOort2,2
gS17Zr,2
A3lLbm,2
YPoxw3,2
KTXKDu,2
RHSeaA,2
Bhoy1Q,2
VMGI5G,2
kjvb1u,2
S4MLh8,2
n41sIQ,2
ay3jpt,2
SpnYp5,2
kAk4fn,2
Ymny29,2
jvaVEK,2
ckAbSV,2
xFZzvg,2
LmobpG,2
7CMvni,2
mGlHxe,2
5zYTP9,2
xCR3Yt,2
JdCMk2,2
MBNp4N,2
jJJoPg,2
o8nYZL,2
R2uhZn,2
rbpreh,2
lvpKQB,2
3UdMxH,2
AWVSKA,2
L4SsLT,2
OHiHQm,2
20E9fg,2
x3gpF1,2
tMEHbe,2
zh9cx5,2
FTkNei,2
FU0li8,2
9KAfTb,4
siJNU3,2
6Nn9Ue,2
gvREQm,2
SkoEAQ,4
OOxaDh,4
2NdnQg,2
LSZsYD,2
zC3ML4,4
Awxn9v,2
XvSZvw,4
4ZY2oz,2
HVSpDL,4
TAojvZ,2
HtVdbU,2
4dLyDK,2
rYgTdi,4
Lu5vdM,4
uyLeui,2
XcUS1e,2
7X1aPp,2
62750H,4
qaenIX,2
A7rdrg,2
hydgCh,4
z3727Q,2
nvC4WA,2
25poCW,4
pLoGKj,2
yy7Y58,4
ynPJLT,2
GY885i,2
PJcT5r,2
KW59dQ,2
OmghnX,4
kPhH8J,4
6AxLKf,2
jyvYWh,4
sbg8V0,2
l8Camm,4
kKJlSg,2
RbplE2,4
gtQmmx,2
LT3K8e,2
AbmkL5,2
CTR9hA,2
ZtYQm1,2
95PdB4,2
2flZic,4
TtEpjt,2
5SsRZM,2
PBLtNV,4
13MZ2c,4
oRu9lp,2
6qPlnh,2
hi5ovh,4
r6Qh3D,4
u4MRkC,2
EGa8pO,2
g4fU4t,2
6N9iW9,2
jsnPSK,2
qoj8uP,2
x5RT5s,2
pktjOr,4
iaRnOP,2
haiAqu,2
EdmbRH,2
YXdhq0,4
Kz8NMB,4
c9m00L,2
1G3k1w,4
fytYre,2
5mVaCE,4
aLtgUR,4
j7FX5N,2
39ZQIb,2
WtGwAI,2
XzSjfb,4
kwZyKx,2
uufrdx,4
llkLPG,2
U3owHy,2
9g0EBE,2
vpsyFj,2
U5LlXe,2
75yZpW,2
JBDAbQ,4
i8A5K1,4
Ih0V7K,2
Yzx9Nm,2
30BfIG,2
XR9u0z,2
3gI4HO,2
yLwzs1,4
WlhiBT,2
lrtgDX,2
7HQt8m,2
T7DDLu,2
YwAVtn,4
AiSi70,2
1OLPGy,2
Zk57sO,2
rU3vR8,4
bFXjt9,2
iRM9l3,4
yE406K,2
fwt5nq,4
onzIit,2
cAE5aw,2
GRM7tY,2
xfDjf4,4
Xws4nR,4
KHifCx,4
EHKsvK,4
fSNr2X,4
1l1X1f,4
AmlF0n,2
WAKhZe,4
yD9UyO,2
7dJmEP,4
0Z5SWb,2
dTBspr,2
sr2QQK,4
neobBy,4
WOA14n,4
zQzNvC,2
iyTNXZ,4
dR8aXL,2
ltvt6M,2
zqw4Yo,2
Blx393,4
8aHKfI,4
eVXt8g,2
4eOeCh,2
MMzw2S,2
b6X9Il,2
dBnuli,4
wRzon2,4
vKHA3b,2
jUDPUn,4
beFUrV,4
Ud4sRQ,4
NkqGXm,4
i7m5ui,4
OuSPc8,2
ibQw4b,4
MKKwZd,2
5fz8Y2,4
h1d8ef,2
0AXHQ9,4
r3u8RL,4
pnkbFO,2
BhYdap,4
BbAZvq,2
iZTTSZ,2
uw0dNr,2
I1nEYG,2
p3FZyy,2
5NXaDO,4
AbAkDD,4
VqH0Th,2
8asO7g,2
8oPQ4x,4
tRurtK,2
v1c2R1,2
zYFJEf,4
uikIu1,4
lkGinq,2
ZqBSHR,2
onINjS,4
LPYQAc,2
3518Yx,2
B8pZ82,4
auSLRn,2
98RoQW,2
pKVxje,2
ODJ2pO,4
1RRBUS,2
W1Ud2w,2
GLs2o8,2
HQkEYP,2
LP1fnh,4
LDszxm,4
a1gVF4,4
SkqjIk,2
a9i2Nv,4
vbpLQS,2
26xxyj,2
SGEnAJ,2
vu1n56,4
DI5iyL,4
m6YuYR,2
GA7YiT,2
sQYr1Z,2
UGdyTr,2
gUtCJi,4
edthnU,4
rLA3ln,4
9q28gW,2
mkgWVK,2
Zc5K4Y,2
LfBSZW,4
pYLfPA,2
f7tk4c,4
E03RR1,4
FAzbzG,2
weCBTB,4
9Q5jSz,4
Py4YbQ,2
6ZhAXS,2
RXqqiB,2
HdLXKL,4
pnWlVP,2
nkn3E3,4
1HAJov,4
r9RNc1,2
Wi1jxA,2
0Vg9YV,4
CVYt5M,4
cQT8ul,2
syVklS,4
ziYlkB,2
zAvQCd,2
oK0FIL,4
DKGWfZ,4
h3lNqQ,4
z5F5Mt,2
2qOqKv,2
l3RRcM,2
QupPVZ,2
xzviXz,2
I3c4q8,2
lNwEnQ,2
XMaiUD,2
OEGXzB,2
RYGWiU,4
4o1hog,2
0CjnD8,2
b6f5fX,2
xpGxCi,2
apyQyU,2
6wrKzY,4
g2mdTD,2
yjfNr0,4
U1UgMx,2
XD39i7,2
PYO0F5,2
S78hnZ,2
b4Jplc,2
5kB8M9,4
J95vTN,4
zobHhv,2
v8aAzo,2
lPXauE,4
jPk9oz,2
AmotLP,2
iILFPG,2
tIpwXN,2
zqqO5j,2
gmPpRe,4
KtVSOE,2
cNpFHR,2
nnJKB8,2
5Cg0en,2
bKfCbl,4
VdqiGA,4
F6dmww,4
egK1bb,2
Z2Cvpd,2
7LQJDc,2
EukkBg,2
YEoYgZ,2
8lJU2K,2
cFZO1R,2
svRUCv,4
scqXbe,2
aQu1tq,2
Us9th2,2
zuYVRM,2
htSPjB,2
wIT65i,2
QqNnin,2
ferakZ,2
3yQt7T,2
rWejOu,2
7bsTTR,2
vTgCvB,2
dUqPXY,2
HgJYin,2
hZPcbX,2
Xd888X,2
lPcwCB,2
ErZTIK,2
i5bMVK,2
0Kt0M2,2
pN64Od,2
1Puwqd,2
3Pcrj9,2
AavJi7,2
HODrSr,2
VnoLQt,2
Wr5iXo,4
4KIuNj,4
a0Pum0,2
N40UKJ,4
pTrl9U,2
FNqJeo,2
6RNMj8,4
1gsAYm,2
a92DHK,4
ZWRMLs,2
DWASXY,4
vEyeGn,2
gMGDSZ,2
OjWklM,2
5lbncO,2
YK1wDW,4
SFQv11,4
OpYJl8,4
6teoag,2
lODbTS,2
Z6a35T,2
HTRVlr,2
lgPk55,4
K4nO8i,2
a1Myrw,2
DMsBOQ,2
8SHnzt,2
iQQKU8,2
fmQFMz,2
dLIw5A,4
lVZSy0,2
cQV2fM,2
GPrsNJ,4
GfeFUM,2
l4yzSF,2
9Ix1r5,2
zmwVjr,4
wyGLSc,2
VyVQOm,2
1aWTIg,2
sLSZ8j,2
Nz0QfC,4
DzIRcZ,2
StK64H,2
qZeI52,2
ttOD5s,2
cE2ZYM,2
oE9KeW,2
otasH3,2
AgZdr4,2
L6MTaN,2
67GXge,2
EShToB,2
d2OIVY,2
Mx2yGR,2
AFtd3v,4
MbIpbe,4
REHcl3,2
s7kyVV,2
B7W4cn,4
EQFIm9,2
XACwue,4
gNF434,2
nZgFkE,2
PnLRHB,2
f50ftR,2
1QPwPy,2
WQ7kZ2,2
pIVitp,2
xsq36I,2
10Mbck,4
uRxQ9A,4
9sCDE5,4
4LQwdm,4
Gp3svf,4
6CBhAc,4
ERAFUq,2
CSfOOB,2
1aHrZn,4
A7e2NJ,2
JIeasc,2
TCGT56,4
7LbAo7,4
prJLLl,2
MxkHiy,4
4IOH8f,4
a8StEK,4
VfVe6C,4
464AO1,2
SNsykO,4
bkX6sN,2
KQw21m,2
7dQ6qc,2
lX3RyS,2
DMdssR,4
xG7Z4T,2
14xRad,2
2s1i9H,2
JqteRe,2
ChxtUB,4
lbDeYs,4
DFUZn6,4
cLlCEk,4
zcto0k,2
PM4A0y,2
qc0Moz,2
6r3soS,4
0dNYOa,4
v2By5C,2
5RIPLb,4
cGMEhD,4
ZZ6ujP,2
wuhdyx,2
fZY6XN,2
6rWUBl,2
720krQ,4
zvILfH,4
lBrWpK,4
CM2lJo,2
jP1sSa,2
2IXagH,4
7ymtR5,4
eujlFe,4
2BYSfo,2
aUSO3v,2
HddEsH,2
gFK6PS,2
Y0W89w,2
JauYtU,2
R3kouN,2
ohooE5,4
fR1sq6,4
6IDv6N,2
CWKzRl,2
evsUWe,2
Y0xYH8,2
ggKTOn,4
oFuc9v,4
ssbJ91,2
vYWZ7g,2
tgyc6T,2
GQirAV,4
wwNgfT,2
hlACiW,2
3BR0gX,2
f0ElYj,2
u2qny6,4
V8PdcK,2
5lXBsh,2
CEJ25F,2
h1cr2K,4
Y7BI8F,2
s5MUYt,4
NxdkoY,2
tv4Ef4,4
PBEtoN,2
7G3sNt,2
ltCiez,2
hg9Bil,2
NxL0g0,4
SzElzn,4
vII2ob,2
fuatLi,2
9NxWaj,4
TJqlvK,4
bMa4OG,2
tx3ZgE,4
9CcX4m,4
sSncg1,4
zJKoIu,2
MMvg1z,4
SXMY5o,4
1nw7N4,2
Znu6f1,2
vVpOnj,2
8zHIsj,2
vOJYFu,2
j5aQxh,2
bIqPY3,4
JTfX7A,2
gqRV41,4
mHqnhi,2
wpjyWl,2
YgXKen,2
meRLks,4
oEnOlt,4
AcavUb,4
KpqRuF,2
52JOmf,2
lGzkJ5,2
QGroEW,2
XZpewh,2
mfkf83,2
BT3Tgh,2
fYKpRF,4
79GeGp,2
nv1LAX,2
OEV4Tv,2
HvU0pp,4
Gqh90p,2
GRYQPD,4
XCDGzJ,2
r6cenh,4
63wcUy,2
tXrGbM,2
YUuwRG,2
N6oV2R,4
SW0kZf,2
TvcuWE,2
xjfqOO,2
Xb2xN5,2
p9OStg,2
oZ5la5,2
MoYgd3,2
jEkZdn,4
uCJ4VQ,2
kyUSMp,4
An4lM3,2
7mPFzR,2
yaI3Ol,2
qbKP9E,2
Vwwc1n,2
X1rq21,2
MUwVjf,2
tFWI0k,2
NQoLZ2,4
rng1BI,2
pxPcQ7,4
jlX6Tv,4
g7HN0l,2
jhQvq3,2
geG4Jb,2
NktQgD,4
DvN4Y1,2
6Leu7C,2
dpNo6C,2
VZbagc,4
3tHDMM,2
eiqI1I,2
a3zhqD,2
rjiAen,2
VeIkBG,2
Wu95k0,2
blR2vO,2
fBTYBu,2
xcEkNW,2
HRw3EV,2
FmuD3W,2
uDTV45,2
2jf8hj,2
2IQPMs,2
aDkm6W,2
uA8HZ7,2
xqjgUt,2
CWnWy2,2
1bimpw,2
ovDKZz,2
J108te,2
Jz1N9L,2
YLU87R,2
ACFdQU,2
GflQUJ,2
cyDdWI,2
bi2LJe,2
ZyKzlR,2
YgFuhk,2
ATYRba,2
QwPq1K,2
7etuee,2
kIomkm,2
Unp0N3,2
qNfUOX,4
y7DFz2,2
bhMcZi,2
bf7SI6,2
2x5WzK,2
TmYGmT,2
tX3I3N,2
qpoFUD,2
wsw7EO,4
zTLpNK,4
CbnKpm,2
Fl01CQ,4
HxrO4z,2
WSQzQZ,4
UcFeXt,2
GPFUDW,2
jluEhK,4
Qf2yD1,2
eYTJwL,2
p9dZTj,2
QK1gCG,2
7Zb2Ur,2
GyvbAP,4
ieaKcE,4
aNFhjY,2
rzQFMY,2
ifYcWD,2
tD6BQD,2
RvNtue,4
9QpWZG,4
d1tPZO,4
ejWX7Z,2
ivLQUu,2
RzpVaY,2
jprg3R,2
5YhDTx,2
YcT0Mz,2
71kvPR,4
fS5bCd,2
MiQKTI,2
peVTSN,4
b5qgtQ,2
PmirRZ,2
Jd42Er,2
5Z77Ox,2
W5AwRS,2
qjHHY6,4
F1Ruyr,2
tSWZYR,4
KdFBmc,2
zLRLL3,2
zgbktr,2
LcxbRs,2
1IuLy3,2
Z5P76z,2
gb32ok,4
ClRAB2,4
WH1x5k,2
IA5jYQ,2
wneqaS,2
b6ACe9,4
2PKkI3,2
X4E2mA,4
bwSodQ,4
Vc19Cc,4
sByda5,2
X3vi36,4
Msftsd,2
qwstQc,2
pQhycC,2
BiR9Ed,2
2WKAkZ,2
nzxuhl,2
g4qiDC,2
rht7VJ,2
s0kFcg,4
SrJR0o,4
abGqj9,4
d0iNwH,2
vF1nFV,2
fXmJKH,4
uzkRhZ,2
I9Jh0Z,2
H7miTb,2
OJBl33,2
CcXRTV,2
oVpGUG,4
t3hR60,4
66M0C3,2
j13C1D,4
mHO4Dm,2
zCGFVX,2
tvi6AN,2
jPavIw,4
aSJ5XR,4
7gJd7C,4
qEcTHD,4
zvJyyL,2
OEvq42,2
dGK8F5,2
qLuoP9,2
LM5A5G,2
mXL0Up,4
2H5306,4
OtatML,2
hUz8ka,4
bUWJHg,4
8WWm8M,4
vuorrd,4
EPnfS6,2
7Qpqi7,2
EZ5HWX,4
sKjgSQ,4
3lzFxF,2
Jgo4IG,4
DLjT62,4
XCFN6B,2
jSgGCx,2
sU3iWA,2
ywOEVW,4
m1QzxE,2
kxt9uv,2
SP8gJP,2
v6pdee,2
2yBGTp,2
AfO0Be,2
ixIhQv,4
huhq1b,4
u0NRT8,4
bxBR2G,4
48ZLHd,2
CLrQgf,2
TxxOHk,2
yC5ewl,4
6OaHJ6,4
Zotg4L,2
pO7FV7,2
HgWO6b,4
GOwKLp,4
AAQMZV,4
xIJDU8,2
OoEQLo,4
RTZAkL,4
KtsfnQ,4
uMbyWH,4
O9jwBc,2
cuUfQW,2
SbgVMV,2
T9Yn79,2
G3dESU,2
cDmge5,4
4qAnMc,4
gIlAGC,2
MIDVip,4
C6p7Fc,2
vKQx4w,2
TQrD6E,2
OyLQQL,2
dF8uEW,2
VOR75A,4
1Da9Jm,2
8fh757,4
89mA5g,2
VRCne8,4
eRZVPm,4
xKeJtl,2
LamFQX,2
SCYdZC,2
P5e6Gq,4
fcPmc1,4
3yTnpA,4
FfXcLu,2
KZSmgJ,2
QiVyLj,4
N1LW76,2
Vsagvg,4
wyMp1L,4
YxNGnJ,2
TfyQcr,2
GS2JiR,2
EjkyXn,2
EM0nXh,2
9hJhsn,2
Tg7NlR,2
SSpxtB,4
xgmjha,2
vDpxDG,4
aMErOh,2
tw0H48,2
FTqi2S,2
LHK1aa,2
zGwe7q,4
jupENk,2
YUDfL2,2
ZI2k7O,4
WSapOu,2
SLHqpG,2
4hpI2K,2
GWOZUq,2
qtlbol,4
IKK8AE,4
Kse9Op,2
Y7QD3w,4
5MHG5d,4
l4Lxqe,2
ZZyfzu,2
4QlyLc,2
LtbzPV,4
IwSdrX,2
C60twV,4
WdnjQ3,2
DyflF5,2
QjfMJM,2
algWso,4
THVnCb,4
6O9PCf,4
V4WtkD,4
VOPEox,2
glDvwj,2
XOo4HJ,4
v7fEFo,2
mGo5rj,4
PsBAQV,4
0D6YrC,2
MO9MY8,2
8NstZT,2
Wq8wgV,4
b0kHKS,4
hxXWEw,4
dEJytY,4
BYeVrB,2
ookICE,4
IFbK0f,2
W83k9f,2
Q1PZ3b,4
Qeco5O,2
wKGnfM,2
NeyKX7,4
SLtTXF,2
UfmD0N,2
ZN3iPd,2
mhrip5,4
HYS7Dj,2
GnnYMr,2
Z86XJz,4
RRTowT,2
NMF314,2
V5XPHH,4
1WjrO4,2
eCdVrO,2
a5hyaY,2
m6PR79,4
A5AmJD,4
vWEwYN,4
ei8L11,2
zGm2HW,2
QAgyfw,2
FMDHF2,2
WByrfe,2
atG5Hu,2
uwIIUX,2
aqkcTu,2
VGNe8p,2
0svM8w,2
PR2NiH,2
WTov3C,2
r8IBjn,2
GbUtC4,2
wRs2D8,2
RVY712,2
5WAF9F,2
LDe5lX,2
ZhKl5Z,2
b9VmJi,2
vpd8Fy,2
jEiUc0,2
NN6xkn,2
pl3UC2,2
qxxOCE,2
x4eSzc,2
4GU6H4,2
su45Ax,2
zl2Gyq,2
2Q7pW5,2
QTOYrT,2
HCD5gA,2
6DA2hT,2
xwkktP,2
fZ6FqT,2
Y0zbVi,2
8Od6K5,2
VoYZKU,2
wLM6K5,2
mMr844,2
M2S7t5,2
qeRbxS,2
mL3lm7,2
qDtO3z,2
m2zkYE,2
1xjkNy,4
68zzed,4
yuhIbi,2
eUd1gf,4
Mtfrph,2
o0NMpU,4
2X1vCg,2
ksgghZ,2
e08Y3Y,2
NQuUvR,2
J5DelR,2
dQLVQ8,2
p5MUlm,4
UH2rhB,4
DcGnNh,2
UqgXcI,2
HbMjfe,4
4Z6iUH,2
E8KS6M,4
eAej6l,2
OxpBC1,4
Iim7ih,2
5dIdi4,4
RANyI3,2
XWXwOq,4
rsBRS3,2
T5c5eg,2
PTNIIJ,2
av3ijh,4
E5fjwR,4
6PGDIq,4
wfPmHU,4
hN9mo0,2
k9v26c,2
0xvabN,2
UTARjV,2
0pG0wy,4
Ow6xEi,2
LFZEcb,2
iaTTrx,2
IG0Ita,2
9lPPgn,2
Vls2Lo,2
efcXg5,4
UVPeTC,2
pceSc2,2
7rNyX3,4
Dnb22z,2
VrRBCv,4
y0Uucv,4
7Sucoc,4
QbOmaI,2
6FMy8s,2
7Fu16t,4
rIURbU,2
N16hDp,4
bM9z92,2
uWASiG,4
O7BKwa,4
UTdvs3,2
HVdjJH,4
hN35Dq,2
uT8WQN,2
1l2WGe,4
yPwKQx,2
zR1Fjh,2
ZIQ4uq,2
X5fx7z,2
vEK27n,2
BCxytI,4
MEjdh4,2
0hfM55,4
yKLhwG,2
PCwoh5,2
ndMgIN,4
8uMAX1,2
CcVZMQ,2
2iWPW1,2
vDCdqg,2
5oqNwf,2
89q1jY,2
x0BB7q,2
Zt9Ayu,2
Y8NXAC,4
bQR7Ut,2
ptFOL6,4
8Q5YdL,4
qwc0Q1,4
oNXEa6,2
iiaV1l,4
bTkrCn,4
nprPRh,2
yAgyuU,4
bPfOc6,2
x6AwMw,2
uyDvJg,4
Xbo7Hf,2
FbqToC,4
7LupEb,2
5RWRzC,2
zIchbX,2
qgRCwA,2
7jXNVb,2
de2hp6,4
2TjrJo,4
a9IthZ,2
hZIYN6,2
wWOyxx,4
IJRUBs,4
PGGUv6,4
s9gy2K,2
uEgeSp,2
pC75mu,2
771aW1,4
aYPdgW,2
3kBkIZ,2
6nyHZC,4
o0XMLp,2
HHGmQQ,2
ibTRBn,2
4J3m8K,2
7FjP94,4
ktONmh,2
BwqaXN,4
vp8XHB,2
9Bp4SE,2
B75C9S,4
IhcUPb,2
ctpRqY,4
y2SmBR,2
QmJY7Q,4
7NeFMQ,2
PA8b11,4
BSBxxi,4
HnwooH,4
9WlzLX,4
LUbmiO,4
Fp2xhX,4
lQUyIz,2
I9sHqI,4
F7ItkV,2
tEdRbf,4
DmAJsw,2
yoAM0A,2
rKD7Kn,2
tfvmas,4
4L42GS,4
puWq5n,4
5FCzS3,2
ZHJraf,4
OL94xy,4
yOTENU,4
CsFhUf,2
VYO0to,2
b31905,4
pjrnTm,2
4IDK4w,2
Abyil4,2
sJGaIu,4
dWfzXd,2
Nw9mJO,4
hdvV0I,2
2JBpG0,4
xByQmC,4
qvVGGA,2
DA9gTo,2
5IsewA,2
HSC7Tq,4
XmxOhR,2
NBWprX,2
icn13h,2
LThRMl,2
iAmBvO,2
0nvy6X,4
Zk784Z,4
nxGrMi,2
e4DXe6,2
3kD4iq,2
NqiiC3,2
7elRe1,2
Ryc9AC,2
8dGSFW,2
sHaJeA,2
w9MSWw,4
e4Iqqp,4
451Mdv,2
8X931i,4
QsAB2G,2
8qYHPj,4
EnnNdF,2
x8S0ct,2
zACezO,2
LlMwJf,4
cYgYvU,4
yWUMIF,2
8Hp9SP,2
y8R1Op,4
eWtkoF,2
QNrqKK,2
pmtIKs,4
BdL7AZ,2
Q4xWYl,4
up56Ia,2
1ambTE,2
x4ZTwb,4
ae0AZw,2
GMLAiR,4
njRiQF,2
8ydtRn,4
gPBQ4M,4
AtdQng,4
gJ9sFf,2
a47E9L,2
yV3T2S,2
LrzCD3,4
pzZwlb,2
ge4Hy0,4
j3bvKC,4
LcDUIQ,2
N21J8o,2
8ofoAX,2
hvIDAS,2
QofmjW,2
7FnSJ7,2
irAfW4,2
dGhpIG,2
2JgDM8,2
L3tklx,4
boC3XX,2
Yntblr,4
VruzF1,4
qowXKH,2
eeGpMn,2
WbdRhX,4
JZtrpS,2
jczL5k,2
UB6uWU,4
FGcnOa,4
5Q4Fe6,2
OBs9nA,2
bRMsJp,4
hLBiMD,2
2X4Fdd,4
3KRk0N,2
nQYAGL,2
tgPuQB,2
7sUZPq,4
wYjKJY,2
1fmDPb,2
IJ5Oyv,2
VFDkLi,4
TFrDtp,2
gzcc0g,2
KePYSS,2
1XjPQc,2
FbIaNm,2
dgkEdC,2
wqaPVu,2
SUNq34,2
o5oQUL,2
RpYdCW,2
RvtGzR,2
YkFwJG,2
tIhSUo,2
EbLxF3,2
0LyBbh,2
i2jNUQ,2
CgyyDQ,2
euJez9,2
CnIuNl,2
i2vMig,2
VQDM2l,2
wYXRYA,4
hP5LTv,2
iZN1A4,2
WV2aYS,4
mMOuPA,4
QNFdJO,2
Pb0hhX,4
5y7bLf,2
vbZa7H,2
b05DW7,2
CA4KUt,2
6YVTCN,2
BweiEb,4
XxveGW,2
W2uw4I,2
Qd7dQK,2
ks7ZJI,2
Af9qBg,2
Wv6MZ1,2
7IdB1Y,2
qQqcTb,4
L3sdeU,2
NWgjlX,4
1zyq6q,2
sG5wbZ,2
G0ASuG,2
DTEv64,2
Lza4MH,2
SOEDZN,2
Ss5Eg4,2
Ne5aug,2
3jXDxJ,2
BdoK2L,2
o1eDfn,2
h5UYFR,2
gHuEhx,2
laa3xT,2
O054HV,2
y1qsa2,2
S08GlB,2
p8JvOP,4
d2pKOJ,2
il8fvf,2
m0Lupk,2
7qk1QQ,2
8R9hyG,2
qh6SMS,2
7Aqx3P,2
cMDn72,2
rYJV4U,2
yAD6QR,2
W1wODK,2
H5pmLG,2
yNWxnt,4
7ZUArj,2
Hh4jCQ,2
vasugX,2
Ql6MaK,4
mJaOzL,2
xU9iXs,2
mNmCz1,4
Zv3VzH,2
62TfRl,2
Ld1Png,4
UmOYz4,4
PGnk3W,4
fhVmm8,2
7uRha9,2
GJix4V,2
dpv7JH,4
veRrI0,2
Q6n1VW,4
tReYMn,2
CsT8F0,2
4SI75z,4
he3kR0,2
XJ4Wot,2
zuF1uK,2
8VIp9g,4
q9DNz8,2
DdhmaA,2
Agjt5j,2
HYwjHw,2
5BlAoS,2
3fjZ0B,2
P7eWjf,4
HXPuTb,2
XkzZSC,2
bUI0I6,4
jFffGT,2
DGXIq0,2
tbrYDr,4
b9UJD9,4
nzIBhQ,2
sb8H7O,4
hF69bw,2
JBIZcc,2
7BwFvd,2
CEjqf6,2
tgEqEm,2
g95wRV,2
8NQqVk,2
y7hy9c,2
2py2Nc,4
qNkBcU,2
ONtRRY,2
IqGtmm,2
daiZkr,2
rDwcNs,2
sX6eQ5,4
uorbVn,4
GpB7R0,2
yL8A0b,2
KYIRXc,4
frT9Hr,2
IHjDaR,4
utlDi3,4
VmFZoc,4
URQK5K,2
ZysORF,2
bqEhIW,4
rPX6af,2
P9nq9k,4
BrCx9y,2
tAoUK2,4
DWFeF9,4
5EiEvg,2
tliJxQ,4
d6P6B3,2
BlddqY,4
Rih8Y2,4
x2J2ct,2
AfZqZu,2
kUGa4Q,4
MphJ6i,2
0mmsuy,4
Cb7xgQ,2
m7OaS1,2
nXPzhG,2
Vr74km,2
6Ld0o0,2
EOTdww,2
OCZ6ZQ,4
J2Qit1,4
TcIizt,2
rKROOt,4
msYTOm,2
ircV6a,2
NdgeeK,2
XzFZln,2
y3LhGU,2
NCQGAx,2
Do3uW4,4
vjj01Q,2
x2IptO,2
u5wwn4,2
npYE7U,2
2aHjdJ,4
0WJirr,2
MgkDba,2
l5uFGP,2
Rjy327,2
lxQsrc,2
sAEoxt,2
DZIesL,2
pwZ5yH,4
hZuehX,2
DdJ4OS,4
Xl3cs0,2
s13k93,2
zZldDV,4
vs64r2,2
CxSQtA,2
rilJyJ,4
34aKnr,4
NSyCEs,2
vdmMD6,4
AKJN1x,2
9ojzrN,2
lL6yZQ,4
wKWvX7,2
a7Nh80,2
F5Dx8c,4
49sg8l,4
zcMYh8,4
xiDdIb,2
NDyZ2E,2
a3HPVn,2
p5In02,2
JiyPGJ,4
iKZdDu,4
1csDKa,2
3vD8mH,2
JbZwtY,2
8XISva,4
qu3YQS,2
mviFQx,2
OPNcph,2
8QB3B6,2
buE0bK,4
eIHMsl,2
PauN0A,2
53vR4F,2
i37sVs,2
XICl45,4
OUmXQr,2
iK1jHL,2
Cskkuv,4
xEuTjM,2
7dHhvx,4
DEOcnr,4
sbwCQk,2
R8Vuno,2
1nsx03,2
RKPWbk,4
421Cn9,2
427yyS,2
v3gLer,2
LoSDnC,2
rx8fau,2
gd4y9m,2
Lq7Z86,2
jzJzKl,2
E9CCV5,2
7mp2uE,2
sUI6NV,4
xHvlaX,4
fk54KL,2
iVaAgx,4
HMEGQp,2
neYaHl,4
ItUFxP,4
uOBdzE,2
7ZdwOF,2
Smfdg6,2
ujyjdb,2
uMnYYf,2
1HmwfX,2
83Qwyi,4
bAMf36,4
UeLoxI,2
4coB5E,2
QLhfKV,2
AvG02Z,2
0aDr3S,4
K2cYd8,2
Sh7GOx,4
ycXMfe,2
QKZcVj,4
aur5Xm,2
Kz1oAf,4
K2xa0l,2
3YwEoD,2
Ih9Wbu,2
tp7vdD,4
eSUgdd,2
Fmep9I,2
WELtFQ,4
szJ6I9,4
1ASU6Y,2
Zj6T7d,2
CJgMn8,4
Yr7Rci,2
8NakPY,4
z3hpay,2
km9WN8,2
qZu9JP,2
qehSKS,2
HwYaMr,2
r0nNcV,2
8Ye2HS,4
LzUSPP,4
Y8aoXw,2
YHgZ7m,2
tThe3k,2
vgtS4L,4
UotGwG,2
5IOtCy,2
nusIHx,2
obEDpE,2
UlkSTg,2
nCTV5A,4
Yiu6sW,4
gTxM7q,2
QqfZmR,2
KU6rQW,2
lCkh99,2
CtOdNT,2
U8Ufr6,4
VObjAJ,4
WnEBUB,4
kmm8OD,2
DwimB3,2
JD3s0Z,2
ZsAMpD,2
XaSCye,2
ycrqyi,2
TrQUD3,2
N9Q1wd,4
JqNSI2,2
UBY6FA,2
DHysq1,4
WoTOq2,4
3Cm7pt,2
2HOQtU,4
CUN1k0,2
FMgMbN,4
R0QRIU,2
BBGRcO,4
Z7p47e,2
jjATQN,2
h9vLGR,2
SeAx8O,2
L45m4Y,2
kAQafC,2
LYC3nO,2
9kNxb0,2
dqE1Gn,2
uCpbfy,2
nYFm2l,2
drxpAm,2
UBi2nR,2
sy3XNP,2
KCOr0i,2
AkkyGo,2
h7JWsB,2
fZqahw,2
bkuSDF,2
KN5lR2,2
sG6UaO,2
QTAILU,2
p63ERt,2
6FmkwW,2
Xktcd8,4
HQyUQ0,2
65eEOi,2
cNFkif,2
4GvJgG,2
E4KXBe,2
28KajL,2
6hecdx,2
Jsx2Ok,2
ikI0vi,2
K04CK2,2
uWB6N7,2
DESDcx,2
1e2G79,2
LmwyDa,2
1anSoa,2
TFxZJU,2
CsfNn9,2
3QBcTE,2
RdrBm9,2
wcC8CX,2
yv4EGq,2
gXUtZZ,4
sgEwdu,2
KTruTp,2
mSAuxn,4
EOT4cc,2
7sNgYZ,2
uOej6D,2
NMfEjH,2
AuNbNm,2
4jUiDO,2
Qo1Nor,4
rx6VY5,2
GX2H6y,2
NnI6x3,2
o6bSAo,2
KT5W3g,2
Anz592,2
2iVsjF,2
AorwMl,4
3nMusc,2
R82YuS,2
WNdlvo,4
uA6X4n,4
8ijPZ5,4
ktaNu2,4
lAVmlk,2
SaxOdL,2
nPBhWN,4
UZopgF,2
8vmyEF,2
H4i6iV,2
Da8s5w,4
HWfQav,4
m0GSQU,2
4wbGAT,2
VlTuBX,2
3qjnws,2
q5JHgw,2
FFXixr,2
DJZ0vh,4
i6SIvH,4
nUptHd,2
fzBBkh,2
KV2O8o,4
YyDFpx,4
ehOyh1,2
RD94JV,4
DCplHd,2
pVz6dn,2
Bdn5HB,2
gSZAYW,2
kxV1CU,2
1VhFyz,2
S4jGM0,2
lTV7Va,2
SGljAM,4
OHTTtJ,4
kIK68f,2
jLXFqf,2
IdLEIc,4
DmKVRG,2
Y97syJ,2
NQOAje,4
A5KWmc,2
rS7Ruz,2
GcHtFF,2
apyawF,2
4hwhDu,2
27mQxr,2
bFE7xD,2
nsIw50,2
jCGyJe,4
WBlCMM,2
p0p6s7,2
mhLSyU,4
vgu5j1,2
83pJ57,2
fgx3tJ,4
tnbgH9,2
QyLZqS,4
8WShHb,2
1qBVwm,2
xPeY5y,2
THj1wA,2
CVsbrq,4
5bhTFa,2
cjezWI,2
ktzHsD,4
icQKQ5,2
pQKpAk,4
6lvCDg,2
q8gTSV,2
RgxbAu,2
EQpDDa,2
BIveLb,2
5It7p8,4
X2R5HH,2
HfQOVx,2
bvUzhf,2
Toh2BM,2
hUqBZf,4
OEm8LW,4
W1uL0l,4
qJFLzr,2
e1pLSC,4
TbaCG5,2
0gJ6ll,2
yKQ1ta,2
u5Uo0c,2
3dgbi7,2
hmKvvN,2
j87DYs,4
6XN1ZC,2
5UzWFe,4
XiyTr8,4
UAacoB,2
u9KFYt,2
XQa5ZS,4
O4l4oh,4
MR1lTV,4
mguS4P,4
7DyG9s,2
WeluLg,2
cPgTpa,2
S5fyFe,2
3ern5A,2
3RtALg,2
rfYEmR,2
xQqMDL,4
nY5FnF,2
x4RTOK,4
VDyRjV,2
YegAQ0,2
OJmx5n,2
upNrm3,4
SeUOTo,2
TyHcko,2
QZw3wR,4
EjvuJS,2
tbmg31,2
b55WT8,4
suobmo,2
jZ00mf,4
Xl8Hpm,4
Un64Xg,4
KareFQ,4
d9lnwd,4
IktXRb,4
G5aQqC,2
cx5itp,2
JEzE7r,2
vhtycM,4
ZdWyuz,2
5ppUpw,4
Y7cZBk,2
V0AgmY,2
N3wnls,4
BezDpN,2
4X7A71,2
yHxV19,4
BfogWp,4
9Z2WcO,4
YDM0ii,4
XPiggG,2
KFzKjH,4
xBiEnj,2
0X4ltU,4
Ih3RBI,4
BnP5QY,2
xFrEBJ,2
YbQ5Id,2
OtMRcG,2
tPBQZh,4
6nBkgV,4
D8PPDh,2
n0FhxM,4
FesDae,4
1KJ6Ds,2
YlZGLK,4
f7RB2j,4
ez07or,2
l5J7rq,2
SAMRfn,4
XJDTXZ,2
Ne6igC,4
BQNGUk,4
KgYsIx,2
lek9OY,4
Jbsp8h,2
Uypxhn,4
4N7nHf,2
pYcSSW,4
bUaVQa,2
cis7oL,4
J9Ksqq,2
crolJR,4
IbNa1R,4
vBiSN2,2
trpR4q,2
GNrPdC,4
fOYB0G,2
8mtfV5,2
ng5b5N,2
4cEeg2,2
xghX3L,2
w1Vop4,2
gnleAI,4
lyRYjH,2
1Ych9x,2
hivhF5,2
f2AoUg,4
tJGXAe,2
h6Xmb1,2
By690T,2
rcHXDF,2
Givhdf,4
8s17NG,4
uPjQ2k,4
LefTHS,2
dA6F8e,2
lSh3lo,4
PZe0wB,2
1kDHi7,2
uSUKZ1,4
dE6x3d,4
RhCfj8,2
BnXBAq,4
IrzW0m,4
ZkcnmY,2
ong0Sb,4
Bt6yys,4
uklDHK,2
2NBi34,2
fvqUPi,4
5AJFwf,4
mCOJ99,2
yZcc0d,4
hHlC2T,2
gpmxVa,2
7NQdvw,2
SPeex4,4
YtEcOL,2
9J2eNX,2
afVAoA,4
2nseuQ,2
bu4iOC,2
O5G8ve,4
It7YMz,2
TNUaRs,2
VMolxz,4
8WUSlL,4
rT4mnc,2
La8AnW,2
fhCfdg,4
7Q6kHz,4
KRcb0N,4
mHjC3H,2
QjrXvU,2
ecCLP7,2
J9AFgB,2
T1M0il,2
qtFLPK,4
X6L4Tf,4
TWfXii,4
t2Ieq5,2
AsaGLq,2
pgnQjw,4
ghZQMl,4
VUQbLZ,4
wdCE20,2
GLvu4e,2
yS9K3B,4
dOwZej,4
KjYSbz,2
hTYkjL,2
o4ZnHo,2
dL1XZT,2
z6LiaL,4
Sozja0,4
DKiKMy,2
oA8Wvd,4
SP7siQ,2
SY7inl,2
gXQdDQ,2
Q9LnTO,2
hSYUj4,2
y5kDBw,2
az3NoL,2
BAKf7C,2
NlCHW4,2
f6kgIJ,2
OWhKR5,2
X4yOPm,2
s2AgCi,2
wb4xXo,2
JYnrw2,2
onDhav,2
txTKxP,2
2ANGUk,2
Hff77i,2
hoVDSy,2
Mgmcu2,2
nSFBeZ,2
6gJi7l,2
NTsBNF,2
mFA6qL,2
zBG6v4,2
eNHlK8,2
h4EQZY,2
Rt8oJp,2
6IikXM,2
jdao9e,2
SqL9H7,2
dd6BCG,2
5jTLyB,2
TAnyLo,2
OkNF3l,2
5oWkK3,2
VCSaNp,2
MfjXPa,2
tuz5NI,4
dtIVps,2
WRBa04,4
InRq3h,2
s4VM2T,2
FP8NB1,4
nR2jCd,2
RWuLdG,4
qPbD59,4
eFIWhk,4
hUGwVz,2
77cdNu,2
3Lthbu,2
TR1DJA,2
QEr89T,2
4Va1l1,4
vC3gfh,4
KpZmAe,2
RSMqHL,2
7YWtBk,4
5n6FnA,4
fn9o5w,2
4T1XYn,2
8oKRfV,4
S48spZ,2
GE7UEW,4
zEiFzo,2
8gTCGD,2
3Jpmdv,2
4fC7yD,4
Q4seTM,2
bxyDS2,2
O6a8ml,2
4H2oPh,4
mnrSnJ,2
p5AirG,2
o2zFpx,4
VtPGnR,2
z8ay1F,2
Uld7G6,2
Mk6lmK,2
Md3oLI,4
ZRMBAT,2
y9RaM8,2
v5fySL,2
wP2x0b,4
NPAPBa,4
yyMgW5,2
paMFM8,4
vKrsLr,2
0gVPoM,4
MxLBKe,4
3RAk2m,4
rMpbfw,4
twjKu6,2
DIztfN,4
tmGa9Q,2
3dNdur,4
3pcwYh,2
OvIQ6U,2
aaJKPZ,4
EbRRcL,2
AEXcRH,4
iQGUcS,2
Gfs6vK,4
zqaCFX,2
rYkBW7,4
YDWid3,2
IVi4xA,4
RJACwY,2
uIColI,2
6xjBLF,2
0L8Sxf,2
yEfDvq,2
wcFL3R,4
Pw2zlH,2
bDaE21,2
pWbNRu,4
q2COWc,2
QKJvav,2
fjJyDN,4
SsbnvA,2
VuYGHD,2
ccyT9E,2
IW9oPf,4
n9Upju,4
vjkx7H,2
N5JOLz,4
IFE3dJ,2
OTWzyg,2
xwIy5D,4
Z30Ghq,4
bQ4D6Z,2
YOELPf,2
BHQxpx,4
cAQykk,4
65GE44,2
IaPDK4,2
PjQxiY,2
jG9IK7,2
iAF84v,4
QaFftn,2
RjsBAA,4
e0QUCA,4
CQ6jei,2
gGvQWC,4
wSNX3I,2
hTyomo,4
q2YUOT,2
Jf6CtY,4
uriPhQ,2
IaYrAN,2
tB2eap,2
Avvdvm,4
P5A3bM,4
ssO473,4
S4pTYI,2
wTfTR7,2
mkKQFm,4
PeiMxR,2
7IONEE,2
80bgpU,2
RpsxY7,4
mo6ZWM,2
sgQEJL,2
D2bOam,4
8ccghn,2
OFOnSm,2
nVenwm,2
jgNpHU,2
DKcHMd,2
S1uWYr,2
ECm9uh,2
Q2ViQw,4
onS22f,4
3SiLAp,2
Zs8LlN,4
mC2QVS,4
jbM7YQ,2
6kV3Cq,4
9ZyfXd,2
e2tNnK,2
Ohl4Ty,4
RJPsPF,2
hkFLEy,4
JjcqnM,2
NIodQQ,4
KOqxcH,2
Wp4MmA,4
GiNMOo,2
BzRAAN,2
sLbm8z,2
KuvGgO,2
qotMOR,2
KFQrgN,4
Qh35ky,4
MB35IH,2
q7hfDk,4
D6Suon,2
JhaSzY,2
zGzV9G,4
fqFAP1,4
v2X63a,2
xAo3gj,4
EMn3Hq,2
M6dPIt,4
TGQte7,2
m60EjZ,2
ILG0fh,4
z8D9v3,2
ZrraZ4,2
b6TNPS,2
OvGddT,4
UuGBGW,2
aNGooD,4
UBSgtq,4
UtDva7,2
mV6DuW,4
6WfENn,2
TBZsxc,4
rsBUUx,4
kZT6G6,4
hjWiEZ,2
vOFOup,4
ZJCS9L,4
tKhKhz,2
JK4Jzb,4
vxUV4C,4
rzUNyi,4
eT1rem,2
o4lYgH,2
yipIwm,4
iKjlAN,2
0UDVWl,4
d8UAKj,4
5zvtyV,4
8B22uS,2
XEOA88,4
XGHe4C,2
f3ywtT,4
LAvHTs,2
KYzAa4,2
pZO6GU,2
EtgmdT,2
6sDr4w,2
evh9XZ,4
pIBNQ7,4
P5vB4P,2
5GU7iH,4
zH0nzb,2
Z3QOkn,4
BgSs2w,2
KXdqC7,2
gGTZwJ,4
L2rgmw,2
PPqAbg,4
JxriDJ,2
Xh6dAJ,4
0fUhuT,2
ESb8G6,2
jeeoEu,4
L7LVMK,2
hqFwTD,2
ykDbYI,2
VX3jMS,2
zEaUoe,2
zCzcLP,4
Lv1H40,2
bN0LML,4
d9Y9mi,4
s61sLO,2
sbsgs8,4
l8n7Am,2
oqyHGV,2
DINs0W,4
LOX9vG,2
hQfNPt,2
eufxTp,4
qH2t2f,2
lzy2U3,2
Jidmq3,2
dealK4,4
FUteew,4
r9Hz0A,4
IgBfxl,2
NgzRAp,2
VHFdAJ,2
qNTEID,2
5akQGL,2
VvN8F7,4
RX72KR,4
TxyLqL,4
4C1AqI,4
ls0SAZ,4
ruEWZl,4
w4OtSw,4
DgyRKf,2
EtXMqM,2
MANYmy,4
JsO6UV,4
timO8Z,4
weQQ9a,2
piiLTP,2
D6qKhl,4
HSOT3k,4
Do39Hj,2
2AkZAH,4
M25J8w,2
8dGJCg,2
3UbCRZ,2
gE8mLl,2
rrHP3D,2
D8Zguj,2
CIf8aL,2
6HAzJZ,2
sbsAtY,2
TfOAWK,2
EjVC2r,2
4u63EN,2
xRiUXi,2
bcbvkp,2
OCoVmy,2
AmmAk1,2
2e2C0i,2
0DeqwN,2
wzqPlQ,2
HumosF,2
DTbwxE,2
fDPnip,2
2KXI7i,2
R1V7ZS,2
9Oybn0,2
lcXlix,2
s9zhOn,2
F41vvI,2
X4G6ze,2
b3egx9,4
G9Fcc2,2
c1m8Jm,2
oJ8KJ3,4
Ly21oi,4
dn4tRH,2
JvdIvu,2
YDHx5x,2
XkQSid,4
yWRmw3,2
oa5HZo,2
iNxWEO,2
bdPbHd,2
antRoP,4
PrJc9E,4
SoSPfq,2
R52D0O,4
P1uTEH,4
UyIAbs,2
RGyNYZ,2
5jt3Iz,2
PPylzR,2
xeQnMq,2
uGCCUU,2
fagRtY,4
pdqZ5p,2
HD8W0N,2
QOPY40,2
YTcCIi,2
PrSu3j,2
bUBedw,2
30AWJr,4
GfwRZI,2
6Ua3vm,2
o87on0,2
eixlcD,2
VblYpG,2
OsWuXX,2
lAeNiz,4
ArDTck,4
xlKGit,4
t2r6LY,4
msBrsQ,2
gftFc2,2
XJW76S,2
ZkHTIc,4
zCj3sa,2
Qdaskw,2
UsgowR,4
BM4PTP,4
IKVwYm,4
FTBaCE,2
qiOcjm,2
TZOefD,4
QOy8p6,2
0D8o65,2
N5tWAh,4
AksGpp,2
FxUzgR,2
kBY20A,2
TaZxng,2
adcOjj,2
Yk8uMQ,4
hPbbe0,4
J8VgIo,4
1DlVAf,2
Rq5RU2,2
94xy0R,4
EyfmBQ,2
H7FAoN,2
GW9RU7,2
4KGgh5,4
7giexb,2
ar65VB,2
bZf5QJ,2
XLrseT,4
zLZdWG,2
dxfPxU,4
cR1nhV,4
80dAdz,2
u4W8SV,4
3iBevF,2
GnuNtq,2
qD3cIP,2
DQZuVJ,4
nPr9P0,4
Lmfl0f,2
6icPpu,2
yaenNb,4
EelzYv,4
eGBkLF,4
oWHBTV,4
P0XIxa,4
UBEolj,2
bhP9qo,2
Au6nfi,2
zOLyGv,2
ZHAQ2p,2
QKzXj2,2
GjDOTr,2
ZR4spd,2
p7aIpH,2
Asunxt,4
ViFB1c,4
XRYyue,2
T7wzfu,2
N3gT51,4
IV8s1J,4
tgkHN7,2
YaogTi,2
isUgg8,4
c5xS1h,2
rpU286,2
8mhQeQ,2
5W54o6,2
r62AiH,2
x7ui25,4
4Zzo7L,2
seC85W,2
u6RCUr,2
fDM52u,2
lAOwxr,2
azsJ2e,2
Ilymve,4
CTlgCZ,4
1jQfy3,2
ijFDcH,4
ccjoK2,4
bB1c6g,4
BC1nFA,2
xIhUC7,2
ByYi9O,2
bkeHTb,2
WFQBZ4,4
yR9CA0,2
mZbK4m,4
Bx5ozf,4
e87Uqq,2
nS3U6o,4
sKDPnW,2
QFM2BS,2
OtsopF,2
x9czDU,2
BOkzDH,2
3nWoD0,2
qfm0jF,4
AcRySN,2
knyk2B,4
qOXPR3,4
o7hSr9,2
E7z7VD,4
cV50aZ,2
42nDnY,4
xF4S4a,4
5hHU5j,2
KZVNED,2
9b6lxw,4
pOX77Y,2
ZyAMkr,2
cTSRjw,4
hjvMLc,4
gq5DFG,4
RZQeJM,4
it5fwM,4
OGhO2L,4
3mUn0r,4
93rkCd,4
GdFqPd,4
T947XU,2
lqp57G,4
lyu9cV,4
HmceXv,2
3mv39x,2
NrK8eN,2
PCWeJB,4
HJWHTa,4
xFQkcx,2
k685dc,2
eQdyxO,4
fRQ40i,2
fFKdFc,2
Ld6p6X,4
DmiSo3,4
WqkXDf,2
eQJqeX,2
xyG0b1,2
pkpDOX,2
HiahZQ,4
ACnUhO,4
GKP1hs,2
Lc4Vh3,2
vm8Yy6,2
299VXb,2
4ubzj3,2
Fg6Woa,4
T0u7Jg,4
kgaDN6,2
GAchLD,4
3quG75,2
aegEos,2
UF1ZWN,2
Dqy3EN,2
eoWxXF,2
4XsKrA,4
qVuaIV,2
CV7OM4,4
NnK6F5,4
rPKLUM,2
M8XbYn,2
67PQur,4
CyP1nI,2
ZmqM8o,2
v6U5I0,2
gEFgWH,2
4NlbHI,2
3okJ8s,2
jTmHMq,4
B7jUHZ,2
uwh2UV,4
iNkQjH,2
vslfU2,2
srEoch,4
IF2a5O,4
1MsGK6,2
w3XmAv,2
7ZxYZC,2
lYwU8P,2
DItmfB,4
tVgJCU,4
OFAYbq,4
4fLHh9,2
e3KxJ6,2
bllSuf,2
q8RYZT,2
e3czXx,4
JAcMSn,4
XGrB85,2
9alD3c,4
JDkZuX,4
YYzaiK,4
aZ0Jh9,4
EFJe9V,2
WgCbnH,4
A1spMm,4
6DYGbH,4
oaW3qc,4
EQmm42,4
txs587,2
b691OH,4
XJ1Qw3,2
7LiAfI,2
te7LN8,4
NfasTl,2
JeupGL,2
fvOcC7,2
zP7XBO,4
xdBPiK,4
K0ejpq,2
IuqXDj,2
MeEGIX,2
0B6tjR,4
79Nj3K,4
aF4fem,2
eP76Xd,4
OTeC0B,2
xyQc4t,2
L8ddh9,2
Ru9Bc9,2
LrTKTe,4
c3bZ5W,2
JK9IRR,2
O4nBYV,2
S3zIBe,4
BfbGva,4
wVmPeH,4
P0kiom,2
DoOhpr,4
y53E3K,4
HqCtDK,2
R7Eg4m,2
S6BhDG,4
xVsyYt,2
h95kTR,2
Jd9C15,2
P7hHbc,2
0biTUk,2
m4sY7S,2
hv5m8W,2
zbDpnB,4
DD1w6X,2
67kEnM,2
0Nr1qZ,2
16gB5M,2
JYIlCB,2
u4c6WD,2
dNz69y,2
X1S0g8,4
J61dff,2
Byur85,2
qJtD1m,2
hlWr4K,2
KiTzPm,2
wG7Eje,2
13xWGv,4
hOZA7Z,2
BQvs6f,2
KMFFhE,4
32Icdr,4
tdJmw3,4
nSZhD8,4
4XDiMp,4
0tuLKX,2
s21mFb,2
kQTUvz,2
fBzd7E,2
F7oV4I,2
SzXNOJ,2
XTXwhx,2
V8zeic,2
tvWMdo,2
1l3Kna,2
nNpZXU,2
rHIqom,2
x996zf,2
PNgXMp,2
IEtCCR,2
2rbWN4,2
tiySel,2
OMIcvm,2
Bj9Pmt,2
gwfVgj,2
ZO1hzp,2
HbKClY,2
nsMiTO,2
gKkdPA,2
UH70py,2
EV9EIK,2
6Jzwtb,2
26XqPG,2
Ai4WSw,4
HrtqOy,2
zn6xZE,2
UweYI5,2
qQ647X,2
mLFKb7,2
ZD7sg9,2
aLZWND,2
QZUDVt,2
KteTUg,2
IQvwSl,2
oJUHik,2
e2XXFr,2
kGlhL5,4
4Vx7zw,2
6KZyw0,4
SFKV33,2
0ZFhGf,4
EJ86Rk,4
eo35PR,4
Y12KtL,4
1fLTZw,4
Ac4gRn,2
eRLfWf,4
wlkTzb,2
gbVmaA,2
x6UX31,2
5Xp9XB,2
PmDEKH,4
67p32N,2
mdbm8K,2
aXQx2P,4
hQeiBY,2
zC13dy,4
TVKvIk,4
eIbSPW,2
PHOqLc,4
tP6wEg,2
k1rE2f,2
r4UmEd,4
8SOgua,2
TraI4H,2
wm6SCL,2
WyAtBT,4
JFutTl,2
YxhxTG,2
69vHRP,4
fgWvwV,2
5GtWZm,4
8AzDjs,4
e9L7Dg,4
Begcex,2
Tu0gdW,2
lOywEB,2
xHvy1N,2
ALLpX1,2
xq8kUB,4
NXCZFx,2
A3EH64,2
3fG7SR,4
i0P1r0,2
RptAm6,2
TmzS0X,2
OsnGNK,4
LizVl9,2
L0UKSi,2
GqQAu8,4
y6xyJz,2
bp9QGb,4
VblTVB,2
nmcoCR,2
IjGdij,2
6xnvph,2
WR6CGP,2
ybNDNz,2
o25Oap,2
ZgOflG,2
YUq8RP,4
ke6kkT,4
PFxRRo,2
ZZNjPg,2
7SaEYP,2
tDIQk8,4
AQzoIb,2
gNmuyU,2
0cfBr7,2
ZY1o8S,2
ceTrXD,2
qa40KV,4
1i6AR4,2
Mroold,2
tphwFA,4
0eks1a,2
DMStQv,2
yN0RZf,2
7SwLL7,2
9fAowX,2
U6f3cQ,4
xsfs0f,2
nwcNig,2
KNfUOp,2
Sz2e96,2
WUTzyZ,2
LFNzTz,2
oNCIjg,4
t9wx6Q,2
tSdTFQ,2
6zU2Jx,2
3hiAwP,2
dZAhhU,2
Z2kpQO,4
iByT16,2
Gn7FNK,2
33sjCJ,4
B6pIof,2
6gVwsa,2
cp09XB,4
WeyicF,2
a8hKkh,4
LYimK6,2
HXipwS,2
b9nyxZ,2
5kD5Du,2
e4dEes,2
i5XJ3Z,2
B8cQPI,4
qt8U3C,2
EJ6ilh,2
4k6vn7,4
z6vSMS,4
BYBghR,2
DfsV8T,4
cVPddD,4
LZ3e3Z,4
PgLo4D,2
9LH77q,2
0uwj3c,4
jh6PD9,4
zK6hCs,4
xSbFL4,2
Gq9yaM,2
gepQqf,2
3QU4SE,2
1PqjbH,2
OaFECe,2
GCVH5f,4
nSZ0SV,4
vX3mnA,2
zaXVpR,2
nS23yP,2
zyEu26,2
tqDI5l,2
aQXC9O,2
P903C1,2
tOYyZX,2
auUdz2,2
k1cFrR,2
QE207r,4
uDMtGE,2
fbZEAZ,2
kbxeEZ,2
nGYYvY,4
uNUr3U,2
3291TI,2
6YFOF9,4
9tQU5g,2
6DQq6Y,2
RDEAra,2
Z7mLK3,4
BAQ6PM,2
aKIQkD,4
XmW7Cv,4
za9kMD,2
VlwwB9,4
cZjRqj,2
HqeJGc,2
LMbZHf,4
UOTBti,4
R2tRV0,2
y0Q4RZ,2
YOuUAZ,2
DQ2vmD,2
7ZtzI8,2
ji34s7,4
cLGWxs,4
e2OKAk,2
4hAsHk,2
Wb2Sbk,4
g7BwLi,4
941kFR,2
q7VCsn,2
ZwvceV,2
1DNfGu,4
qOI6Ip,2
1ozDtX,4
J3lbuy,2
EuQ6No,2
tlgVPS,2
rkwB3y,2
J5VWoT,4
gd8AUt,4
6oVYt0,4
dMxY8n,4
eqa4CF,4
SOgppW,2
0unqfz,2
YYvju8,2
EuFm8b,4
K6CYCw,4
Ok1yNt,4
9vCM3W,4
rzblEI,2
nIqryj,2
h5vZOd,2
swBFAw,4
kVKTnd,4
y02Kya,4
8DUCH4,4
qsmkFL,2
WR2Uzy,4
hPFLue,2
fnmzEW,2
9O1zGh,2
rHGZIR,2
AlALQE,4
ewLpdw,2
F4lmvZ,2
6PCTXT,4
YywH6B,2
8GMkEm,2
dOe7ng,2
MVQJhe,2
ayotwi,2
ufpaTY,2
QnYqJf,2
zFpDIz,2
01Xw0R,4
teu0ti,2
o1x5VT,2
AK24Zh,4
irVUA4,2
CYc55Q,4
zfDYvd,4
BW4O88,4
BPVwVm,4
th4iTY,2
InDmBo,2
XGkKGM,4
SLWiXL,2
JVvSnJ,2
3tSmcj,2
MgPa27,2
DFLnTk,2
kkoiAM,4
keGrOI,2
QECVuH,2
ZgnzAK,4
68uMte,2
RfjYGk,2
rfBiq2,2
StGg7n,2
PFw50u,2
y5JQif,4
E8LQpu,4
O6FaPa,2
dMleXE,4
mBG5Iz,2
pTSQt8,4
ZS47ES,2
laLuXN,4
7HrOoa,2
E7Otxb,2
T8lBYq,4
5U02f1,2
oHPWqz,4
wpFInh,2
YfSuPe,4
EEqI5H,4
ePr7Vn,2
fTeotX,4
jzcARh,2
YlEI52,4
yJOCuS,4
3taXvi,2
XyEzMu,2
3Sc15Q,2
dpraZh,2
VTHc7h,2
hmrxPp,2
vKbwe6,2
Rvi0jD,2
DQh31N,2
X848SD,2
liaCVt,2
RLwFgU,2
2rHj5E,2
ZCgnFN,2
uUoWUq,2
xDnYl9,2
XUPB3b,2
bBDd3E,2
BlV6B4,2
zCGTm8,2
FDiMMc,2
dz9BPm,2
4k7anL,2
DgNyLZ,2
Kg8AEy,2
ymTESJ,2
4kAgWN,4
tQ31gr,2
eYVe8y,2
MRUson,2
dmpz6J,2
i8B4gN,2
XGg07f,2
j45ySg,2
XGTeGi,2
PX3NNj,4
LPpiAT,2
yGCLV7,2
f1STVx,4
hPrBkx,2
Cv2z8h,4
gfYly8,2
1FNDvK,2
ZPhqbG,2
CnHhwx,2
7jxYah,4
y4VqhU,4
c9YhpC,2
EzcbyR,2
V3K6kD,2
175VJe,4
unRl9Q,4
yKnVdV,4
kNbujS,4
1hsh3N,2
l5R1jk,4
g0nThv,2
IhXLFN,4
Ssm72E,2
9NwNZs,2
OYyXwe,2
cF1NZm,2
v6k130,4
gQOlEz,2
8fTsWU,4
woilPW,2
GJ9277,2
i7lUNq,2
fwLCf2,4
o6h0Il,4
sNDBjV,2
YOrHYn,4
OSKrxv,4
2ktTSK,2
WwxFHu,4
7A5XbC,4
hvIlMq,2
ahaFNl,2
513ffL,2
MuDzRe,4
5pjowI,4
vUqNIh,2
MF8kPT,2
H8tUIW,2
VgKPJi,2
hGgtW9,4
Iu41FH,4
euxkty,4
LGD8TP,2
1Ztzst,2
uphLKM,2
Tvzz2I,4
dWUIEd,2
8cKIBL,2
GVmHA0,2
iRK9NH,4
0rCoCM,2
gVqh1h,2
aPEigA,4
Xk7aEq,4
jXILUC,4
5vEwzX,2
ciI4l2,4
fEstWr,4
OCfXHS,2
khcSvy,2
AIme3L,4
4esykt,2
xrcvoT,2
jXOYiI,2
5oX5To,2
GKKOYM,4
zwo8bh,2
pw0PBy,4
rTlXLM,2
ls0Axg,2
U3zqBz,2
Zy6krD,2
2O0eJY,2
d48taC,2
BVzrCh,4
IfIxfp,2
LUhMsL,2
uJ082Q,2
0KXwi3,4
iSTsIY,2
SWyDzE,2
hqtwqX,4
mHPVna,4
9ruCYv,4
TMvUu4,2
t45E5f,2
tTBZTg,4
CwKNYh,2
g3aaV0,2
9KADmR,2
sPBfbZ,2
AppdUF,4
AuSSlL,4
vka3PP,4
EetUez,4
1inT2h,2
jFRxzj,4
ZE7qpa,4
bEZRI4,4
FPlrNd,2
bnzHAT,2
cRsUxh,2
AakpCb,4
xtfeKt,2
XpA6oj,2
bclc5q,2
13hcD3,2
tZRHEp,2
onZbZB,4
gEZUBW,2
wQIAtV,2
V97BGJ,2
cw5myg,4
y6Rszb,4
QZz64E,2
deNc1r,4
wlVvnK,2
zM4gAX,2
QPv7ii,4
f9h79Y,2
uX9HsA,2
piMz51,4
Vu6c6h,4
DAcWaB,2
YXRBTF,4
NjCw77,2
DL1yxf,4
x7pzyz,2
DhasMq,2
w3ZcRQ,2
xdKdFp,4
9HKjWe,2
3qmvg9,2
lPk5gl,2
4bvzbP,4
kaudJz,4
s3JVEg,2
7I2XcJ,2
utVxfY,2
fsfs1R,4
ImRIfk,2
kSnmz9,4
tMkMBf,2
s5eouD,2
oo6G5S,2
enk4I4,4
KBdKYI,2
DHI6KO,4
pXVF8F,4
7uv0AL,2
rMqljR,4
AEZ7Zt,2
kzYeZ4,2
TE28rq,2
fBeHdx,4
bWCozM,2
rW7k32,4
VGAkGY,4
slRCCG,2
eeGWNE,2
EUALQE,2
ApKn7X,2
VCT1HL,2
i0XTSe,2
1CViGk,4
JTST6M,2
K5v1Cm,2
s6Sdqh,4
YpAJTG,2
roDD1k,2
y0CQ9U,4
t1u21a,2
LoDwSA,4
PyKGRX,4
OAhaQy,2
19Oywm,4
OXROT4,2
RZ8r57,4
YN9Gs5,2
lfXJS2,2
Dzq7yB,2
zQzQNq,2
MZ3hD4,2
WocN6D,2
X96jjh,2
eICHTi,4
lCwk5n,2
hCUaTy,2
Xg3keS,4
nBJam1,2
y8R5zf,2
WxaX4Z,2
ltElrh,2
VAfskO,4
aT82Li,2
UizWUd,2
4ioKK4,2
RZ1K5c,2
caoJu4,2
Xu5whZ,2
x7wHX4,2
bDjbOE,4
qIaPOC,2
6lMcau,2
u3kzW2,2
vUtEoZ,4
uielb2,4
FwcDog,4
aJiBwj,2
ooFIcf,4
lVnjkl,2
Nk3cff,2
zk4MjV,2
7ntrKy,2
38LC2n,2
d2yH1i,2
axlWKb,2
JTAGBU,2
uUQi47,2
IRdKTt,2
3xB63Q,2
AJsOgm,2
H7FMYf,2
PMgv64,4
ozPut6,2
GlDvX7,2
uaN86G,2
tOMaCK,2
a8Xtvo,4
s0ConF,4
wfCR8h,2
xyci3E,2
ZzIvpZ,4
M0gybT,4
GuE6va,2
a9sHgT,2
v1v3ov,2
BfBYZi,2
isPd9R,2
BQbJ8j,2
GcQoha,4
03clQC,2
G1os5k,2
37ORsc,2
Fccet6,4
rhnp3M,2
g22ZJB,2
jzw9Jj,2
R3DxCo,2
ShmmYG,4
0gtkeC,2
YxTsmx,2
lYSVhB,2
Z2Y1CC,4
McDgRi,2
c5N2tv,2
354cw3,4
glZUS7,4
S1T27Z,4
5uYyht,4
Z4RwIH,2
s8oVEz,4
nbLPmp,2
ObTqO3,4
aamGU9,2
8azJGn,2
nAcsU4,4
BbO2iL,2
bFMDWN,2
P2lpcc,2
YAyAiF,2
0E2fFq,2
pNzdE0,2
FWgJew,2
7y3VqN,2
raAU79,2
ZdVDds,2
dTRQRH,2
zPcECI,2
mrznnm,2
DGe7YC,2
ndbsN9,2
QOsA0F,2
k9Hbhy,2
mV28oH,2
IZ19vg,2
Ocf4TZ,2
W8YHJw,2
94GBI5,2
Kh1vec,2
6Db9qO,2
yKyWQt,2
uFcteM,2
QLo8Jf,2
QbrSeo,4
Vx3UgQ,2
yxjcbx,2
jx3mRx,2
LdStOF,4
z3o5My,2
VD2Lms,2
bNtRwx,4
tbS05s,2
SR3EY0,2
ueENJq,2
txbM8W,2
SWsiFJ,2
EQg23H,4
I2FHQK,2
0m6DG4,4
kqTONH,4
9lZG3P,2
J9iUPU,2
tykxza,4
UEaQu1,4
GMyTPY,4
OngE1i,4
ehRo7d,2
MtRNuw,2
37D3YM,4
xyIrL0,2
zvd7Yc,4
D91YkE,2
1qfy5N,2
XfEO35,2
fYv1ZT,2
AsYWTa,4
6HNjnS,2
SdEgbo,4
x65uL2,2
jYldIJ,2
e0VWF9,2
GH5wHx,2
FXqkpO,2
iaQVNF,4
aZ66vs,2
j4rXjD,2
TzwsYZ,4
NLldfb,4
2aiXnF,4
l77z55,2
5geIKR,4
0Nij6L,4
ZjpNcp,4
bCIztk,4
kD3gRY,2
mZL4MS,2
mqgvek,2
eGfK4w,4
EhxCB8,2
ZHNlCM,2
HdjWf0,2
Ok9peO,2
tc07Yl,2
cLldOv,2
Ox1RMD,4
rCEtec,4
K8hZqu,4
lQsAuH,4
QqW0tq,2
mtfiWY,4
TfdoSi,2
u0UaX8,2
moRHUV,2
P1Q92h,4
bhz5A1,4
xiVSjB,4
yMRNMD,2
ZQmZqb,2
Tm5xcf,2
RvSzXa,2
JN1zdq,2
K05Mk7,2
rKdEJk,4
T3AH4q,4
62aChb,4
Fj4GTx,4
WfRVhZ,4
YTUtxQ,4
NOQ0aO,4
JnSYK0,2
WQRZp0,2
84zWhK,2
Som4XU,2
sy5WR5,4
6c0h6n,2
MgsY7c,2
hKvuaG,2
IAI0Fy,4
CA0yoE,4
OppyjR,4
rbiVGO,2
OBngSN,4
kzxs60,2
YrFrJK,4
M5NWZX,2
g4hLm5,4
QnIkTd,2
b5bmNB,4
ayLK7A,2
iZuJCS,2
pppgHF,4
pfeZc9,2
XRpXMR,4
vHSk00,2
VPpeD4,2
xp2mTR,2
C3DYFu,2
PVJFDN,4
eiHAyj,4
SKjDdr,2
cozZAW,4
6Wr7e4,2
ug59j6,4
4TZT5W,2
b6jjmT,2
hes0uZ,2
8EgyrY,4
J7wWoU,4
CnUBJp,4
hzzjIZ,2
aCcWBK,4
Eo8ohR,4
BzRinK,2
jbfZ5d,2
qiq9d6,4
BdI2ON,2
eCfTab,2
0Xlieb,2
E9NQVN,2
rLpUdn,2
sEduBB,2
hK4Saq,2
L88mGC,2
5nupGW,2
vbrp7z,4
eg2MrJ,2
JLfWes,2
7EFCBy,2
OJUWm7,2
zpyn5F,2
lHkDgA,4
eljdQD,2
BElXLf,2
h1TXMG,2
yxQawR,2
861zh2,4
b9vjLx,2
vmVWUz,2
qFDQec,2
2qaoHt,4
OKnnzK,4
E3VvaT,4
YxA8DJ,2
nIjz2p,4
mOLODN,2
srFJge,4
0wUZLW,2
Osoomn,2
JAx2ab,2
KzKE6Y,2
S30zM5,4
n3TTvm,4
5qulvp,4
ubEprE,4
BcQJLN,2
pYWZT0,2
AMxwIJ,4
WmR6yh,2
nPLsgp,2
b6e8Mp,2
R9tTqS,4
YM8fuZ,2
kYrLy9,2
aLh4dg,2
0GuEEc,2
OFxKwG,2
lxENms,2
pY6Clk,4
DoVbm5,2
MmGQ0b,4
LR8mnu,2
G0tz4c,2
cp5qyz,4
PjWuch,2
G7mlQU,2
3RAhDh,2
mF66fT,2
n3HVBd,2
DU1su1,2
aBbDNE,2
obIJEa,2
FiM8gi,4
Ze4tCw,2
VZMmBs,4
rRxbUi,2
8JcwL5,2
Go7JXk,2
PEwE0e,2
qlOa5L,2
6zp3Xe,2
yds2fE,2
ABarik,2
F8jR96,2
SfyjpW,4
H1O1DB,2
EhSCot,2
l13nnS,2
WB8elN,2
f5ViaK,2
SncD02,2
PsuNE9,2
bxXdfi,2
1iEt4F,4
0B14XE,4
oUxxcb,4
4gKMoS,2
AhcorB,4
db3aBy,2
wcLH0l,4
JZOFDd,2
p8k85a,2
k9hEqr,4
BuV9dn,2
eHBGij,2
1Bub6D,2
KJvcFP,2
runpIe,2
3CWozr,4
DTEnkY,2
G8IRvN,4
bbSIq4,4
AYSOO5,4
UxEVAU,2
U9GkkB,2
gjgGwz,2
2Y0A4I,4
RPYON6,4
4uas9L,2
aSOkv7,4
ieaJ9c,2
FaNmWz,2
UMMNdM,2
wzpcQn,2
MLM71Z,4
15NucX,2
5rcrpL,4
3bgA67,4
W0I5vr,2
LRvEiG,4
YjTSWX,4
y12hOU,2
v2vFD6,4
WqeCPI,2
gUvGZM,2
24xUyU,2
ptwExq,2
ETpzhV,4
q1bIDS,2
6c9mT3,4
54OCUV,2
fEKFMu,2
ayGmF0,4
czTXcm,4
z2yz5h,2
0p2B0D,2
CKJY4o,2
KJuNMz,2
eB0fa3,4
fS9dtc,4
M1VlAQ,2
Sh1ijd,4
LvjOc9,4
Ok41yJ,2
pw9ZQD,2
VAsqsy,4
QirXNB,4
Ah0VqW,2
mrZYBm,4
ziLhBW,4
vcd12L,2
WpwhKP,2
lrtD89,2
sdvFRD,2
pT5jKl,2
TTB68y,2
zv15WO,2
vPyDbl,2
dIbMWC,2
3liPr8,2
T8Uvzi,2
ML2TT9,2
hb69bN,2
9AMRsI,2
jVWbQU,2
8ev5wK,2
e7FJmu,2
fTCnyc,2
OtYRP6,2
diMHCy,2
1XrlBZ,2
dqgSs7,2
Z6AeEw,2
VBYdHi,2
u0nEr0,2
6IY4Jp,2
NcOdkk,2
61RKDz,2
GylKyc,2
ouuUsW,4
HrNW93,2
K9BsqZ,4
BZSi1K,2
OICQ5U,2
W03sFw,4
SlEg2c,2
ZnPtX4,4
qx5Vbz,4
YX38fw,4
iW1DQn,2
UXmlWV,2
djIALJ,4
XrkcdN,2
rwTjWP,4
RTw3G7,2
JeyBs4,2
pdBh32,4
YZGGQ3,2
bFm6ft,2
l9x8SQ,2
ZbfelC,2
eEnUIW,2
kbWh9L,2
5RTfHv,2
zWhgvi,2
PK0MjU,2
wEtaHd,2
j8SMDI,4
rtIBvw,4
XnS4xL,4
6JQ2w0,4
Qk4TFE,2
xRfzEK,2
gtcBcb,2
HQxMOk,4
z3ogj4,2
o5bp6t,2
PZKNZz,4
LTRI92,2
5NPvxy,2
4moZ8n,4
t7dQoa,2
xvtvxA,2
vOWbiK,2
npjOOO,2
8YSfAM,2
ll4vPF,4
pXSYP3,4
hblyQm,2
JmMPM7,4
YC2I01,2
vnbiS3,4
mSSKZ3,2
uHW368,4
i9oYCF,2
R0qa2v,2
25kCvS,2
dVr9Mh,2
Z59wls,4
yXDvZF,4
iSX26c,2
vMka6H,2
cjjYIx,2
UYlRQq,2
yn2z4U,2
D6Lp2i,4
o0rEb2,4
zfKNYg,4
QGD9ju,2
eJvdCA,2
y3MvPh,4
wmNrr0,2
nixPKs,2
YtOF3o,4
p5M7XR,4
dwu8Ff,4
RxISK6,2
HdmIUg,2
hP2yrf,2
IIqfCG,4
8oOF4z,2
Wjrual,4
mI7Y8B,2
f2xOXW,2
3EQBce,4
hhVbxg,4
Qvjhcd,4
CxIn76,4
tE2hWx,4
AybGZE,2
rGgI61,2
tsEPsi,4
OKn0wI,2
4VeG8i,4
feNh6b,4
I9flmf,4
ZQb5I7,2
ABEEMY,2
dC9fyu,2
7d7AKJ,4
95lykG,4
GCkypJ,2
bKIoWQ,4
B3YQ1P,4
SSxvsI,2
LKHAjX,4
CQgM7v,4
l5qK3t,2
Qehs9W,2
dWZimJ,2
MO7mfT,2
0pjgJa,4
bnVrxs,2
XWcAsi,2
UBgMVV,4
9YCTDM,2
49E2Zp,2
PbfZkd,2
ZDbxLB,2
XXtCkU,2
HZWP8Q,4
joAW10,2
UTj9vY,2
YCSjZJ,4
Szr5y6,2
ftAdKP,2
mayMrZ,2
vXYqNl,4
V2c6dh,2
zUu5b6,4
z7h061,4
XBJ0z5,2
GgG33N,2
yEVTvs,2
Rd4Gb1,4
MEEn34,4
aCl8w2,4
SCUJhF,2
V2AWtW,4
dpz6xr,4
tawzIY,4
KwXgNd,4
f0lUdB,2
2JgT9n,2
1QsybF,2
i6xCgV,2
wvbB3R,2
KOnKuc,4
60ogVL,4
dmgudW,4
NK0ITy,2
vc1dRO,2
Puz2qk,4
zBgcBZ,2
KYrdRN,2
K9qOck,4
pGwvip,2
v0W9ga,2
wCHhDD,2
H9xV27,4
1hHkvi,4
HOfNSY,4
zKh23K,2
D3nUVW,2
NJCf6Q,2
yWKG2d,2
TEimCW,4
oUQ5GW,2
OQquvD,4
IzBYnU,4
ib3GiC,2
UvmFoH,2
RdoH6O,2
cTTVfM,4
Xqie2t,2
f8INv2,2
YB6Ynx,4
obIyz8,2
acaNQT,2
v0FBJw,4
YGlgig,2
F6eFwE,2
ZWcgwV,2
L0Zkos,2
XB9iI9,2
ikamPB,2
PQSc1k,2
ExxngG,2
JaOo3k,2
nxJ94A,4
H3Jud0,2
eThZRW,2
F6VmgN,4
j9yudC,4
eYRMEu,2
k2CAzP,4
9Mwyk3,2
09w7Kf,2
b55Efs,2
HJ2GWR,2
py544K,2
0zxWmL,2
9PsYtc,4
exLCFU,4
QdIRao,4
0QJ86j,2
ungG1m,2
2UszDG,2
s5LSal,2
MehEUa,4
wxfeqe,2
lTvdur,2
bm5UzZ,2
6AA5xh,2
9CERWx,4
Mcsj2p,2
viLMHR,2
gwgkxm,4
86JgA5,2
MKqDv9,4
XIhZvO,2
ELShUN,4
TFQTlV,2
cvYDvW,4
lEfbqc,2
zroIrQ,4
LL2Zgx,2
z0yP02,2
OmnZMw,2
23EN9Q,2
UjvfBb,4
DpFK5z,2
RCVMq4,2
zEopSD,4
rOLVH3,4
QPmkas,4
oLbvuV,2
loqSZu,4
KCbueX,2
GrG37z,2
XOWqL2,2
Cw6VCV,4
WkuzLR,2
wijmn5,4
DBl9zM,2
9GjiGK,2
Kn4uEu,2
Bv8v9v,2
5Yzdup,2
BILGfM,4
RZpiPo,4
ht3e0A,2
Sl1T7V,2
B0K1P4,4
tu58tq,4
vYfQEn,2
7vemG4,2
9cGhhu,2
HrWiA5,2
lKjWa8,2
pte7mU,2
c4zabv,2
EWGRAO,2
OJ60BM,2
rf7kG0,2
pyP9P5,2
PqTtzW,2
ZWpO5L,4
hp1PM8,2
GMgrko,2
Buq6B0,4
K4Pk0q,2
b2E7yW,2
hXPGEB,2
OW2ohY,2
NejmQL,2
TG0VYg,2
GQh1gN,2
HBcNc4,2
svPxrV,2
BfwzvP,2
PF8n1g,2
5hCLUt,2
7hnCVc,2
6A4dF7,2
v6QC9h,2
2OG00M,2
SsAqs8,2
zl9mLv,2
QfTAuY,2
eg8M7L,4
JFXAvY,2
iaCJBk,4
MshLtl,4
CvoDmm,2
u45JaP,2
EeKlbo,2
ozsiw6,4
Ln8IEW,2
EEj4uL,2
oLvPEK,4
er2p3e,2
fNRX9o,2
QRIXC7,2
HGj9sR,2
Kc9fMM,2
BKRBLB,2
2O5HcI,2
bR5FZX,4
ZaTNaL,4
TQ4fGW,4
E52HBK,2
OKIuRH,2
9d9aLg,2
so4P40,2
trXl1A,2
CNauTR,4
Tg8VxE,2
Am6WBM,2
g2flQz,2
auId3f,2
KgR9YB,2
VxO4Mb,2
zNqwZ0,2
xfrYpC,2
BGrLva,2
h9LHPt,2
7MTUQD,4
ZXOlfk,4
AucppG,4
qM8Y2O,4
6GCYPU,4
gmSuBf,4
PRK54g,2
uDQnxE,4
6K9qf3,2
Z8CusA,4
t5JYkg,4
8jAd0P,4
d2CZkG,2
raBgap,4
KaRwyl,4
C8FaHI,4
sqqvIK,4
IC8Sep,2
0GDP9V,2
PdoN9t,4
QlZgW3,2
GCySub,2
CuWqwE,2
wyAgx0,2
xwYBdK,2
aBZsiC,4
KMGrTf,2
hCcx7T,4
4Q69Cp,2
Rhx6ky,2
gFYRv4,2
XL6ujq,2
TTYDBm,2
U0VWRs,2
IzzRSF,2
bNjTRr,2
xYDjqz,2
8nw4eD,2
f3K1zV,2
YGRFRs,4
10QSMc,2
3v8nys,4
ndNM6p,4
dN3MbR,2
qzmiai,2
nJhWvM,2
vzg1b1,2
olu3EX,2
Ml6iRl,2
6XPGjd,4
WEPxix,2
FkYdAP,4
YU28AB,4
t8z8w0,2
JEYR0v,2
DBsrwj,2
9tGv1X,2
5H6JcV,4
p3JHGh,4
LF5a9y,2
zS1Rr0,2
O8Ig2T,4
i7JoGV,4
xARFTh,4
clx7O5,4
aPIpgB,2
Qy3jAd,2
TjAPH8,2
iXb6tq,2
Mv5Xao,2
PpCvR8,4
7cguac,4
JaO2VT,2
Rpyitd,2
Fb2SJ2,4
e2pPRO,2
Sr8zxa,2
cLlTUu,2
EAGguD,2
BE5ZcX,2
m2lMN0,2
PluvFz,2
Tb4kL0,2
0bCMWO,2
fGrxja,2
xOJ0GU,2
toZ5tK,2
l5ECOG,2
sm5ou8,2
Ml3F2I,2
JLs0nW,2
eHNgBt,4
ncN33A,2
ty4MRN,2
OaZzPa,2
tEWHUO,2
idcXlN,4
6gHR2H,2
36EYS6,4
cfaU26,4
l5ATMc,2
Lupd2B,2
dp4CjA,2
ixcS8O,2
IXBbU5,2
COK2PG,2
UdcmzI,4
8SINa4,4
HeJRpk,4
8AKTrt,4
IvEoYo,4
XB0O9h,2
DKkqwd,2
KSsv9S,4
3Zechj,2
PFdMGP,2
jG2ORQ,2
LsU1na,2
K1N7rl,2
GytKIF,2
QYqhwW,4
xEKSQr,2
ARJmNd,4
Gfdnur,2
RJ2oRn,2
ZRixfz,2
gYuFiO,2
kato8n,2
P21fsB,2
QYLdvp,4
jDQapT,2
73QKuZ,2
c0ih3u,2
Zdduuy,2
2fBkKC,4
hbzFtg,2
S21O1L,4
ZZeWrl,2
Wry0Uq,2
u0MgIG,2
u1kosx,2
UVxeuF,2
raQ3Nq,2
LCKOkt,2
rfNsEB,4
9BtC98,4
bILIxV,4
9Lbzgz,4
YcZ0Qt,4
tfbGSP,2
cNKDvN,4
vKPeug,4
uinGUX,4
0rARM6,2
cfZrrH,2
G7oPet,4
UqCbEO,2
Rv7rdN,2
v8YPMV,2
xaEsfb,2
7K4lSw,2
i6HtdT,2
NLXmcY,2
lMOTU6,2
5aNjPq,2
GjL7a8,2
Cce6WP,4
Pze47X,4
YRplqN,2
5IC5Cz,4
DwgRBA,2
MjHJGv,4
TLxRmS,2
3l9l7d,2
UD7omF,2
jPtqZ7,2
SYE2d0,2
WDFvCz,2
W91hX9,2
1XUwmp,4
49hWNo,2
suKL6D,2
RI7vaD,2
8TabgQ,2
FqkqFz,2
WDvhBe,2
TAXKCZ,2
hfujpc,2
z90LUa,4
8zbjCG,2
ZAwCeW,4
phwOp2,2
uFpw0L,2
Ic8glj,2
1lFuSk,2
PYtbq1,2
AwWqyV,4
Hlhpcj,4
jjLR04,2
qddOx7,2
iOj1WK,4
fxBjN4,2
Swn7Wm,4
YGnreW,2
7zuuBL,2
7Uom2O,2
bQJJno,2
PESZaH,2
HnorEf,2
bP6fiu,2
fIWmzr,2
EEPMv4,2
r8R2vf,2
XE0puo,2
HtG3Ci,4
mRi6u9,4
4iXzNE,4
v8ykVY,4
AJQGoN,4
3lWtA9,4
SBwbiZ,2
E6xHxJ,4
E3dAke,2
C64LNA,2
qcNrsi,4
eDqNmY,4
tpPojD,4
hd7A2m,4
jpW8II,2
AyEFTe,2
felrTK,4
Xd4Cgb,2
gDVdCt,2
ISuSr3,2
li0JXf,2
kVX5Uh,2
60TtB7,2
zyLxQY,2
iS12t1,2
FflRku,2
NBBaSW,2
1wbMOw,2
dNY3B0,2
GCpJtm,2
KQgGUw,2
2eXqKC,2
Zk42fi,2
nH0gKt,2
VKNyny,2
lN2Blq,2
MeVekJ,2
Uq1Uch,2
ebOfsP,2
gu67hV,2
24iKT3,2
inmjCR,2
I9X4BZ,2
4wBDLS,2
kS6gfJ,2
A6lWYO,2
lpsZ1N,2
UvSSut,2
Ac6xzF,2
NyMtTK,2
wrJ9Kf,2
A7qwjK,2
U2Ipw8,2
XcvuWJ,2
Dtu3x0,2
If0EZC,2
1R7oeP,2
izVnUU,2
xwKs4E,2
AolL8G,4
Rvg0xC,4
8vCsff,2
ZtJsDG,4
O8zIM0,2
HHqyqc,4
DguQ41,2
q5MKQ1,2
QqQKCz,2
u1x0c7,4
Bn1xHZ,2
GSxx8q,2
Pri6Xt,2
LPhlfJ,4
BH1MSU,2
JY4UwG,2
ggjBSF,2
a782Fb,2
oSCxRK,4
SBedoL,2
ntnGId,2
jk26dJ,4
SVdXDf,4
5hTao4,2
DInAv1,2
BJcARW,2
7xOVxq,4
0nrgXz,2
W11sqN,4
uF0fIK,2
54Vkk8,4
zNKhtf,2
FfQKCM,2
9W1Kt9,4
dihuMU,2
UuUNep,4
0hP9mF,2
yR23CV,2
UwqgPH,2
Ua18RY,4
v1Dx6z,2
OM0Rox,4
nqoJA7,2
ukZqoY,4
VvE1iO,2
nFDj1X,2
xSwM1C,2
73iB19,4
hjnh9J,2
4IRBoM,4
90p5gS,2
2WeDvo,2
GYo1XE,2
6C61LI,2
UDlnAs,4
cqtDo2,2
iP8HAf,2
eIZFlc,2
p5tPYx,4
Qqb8Hz,4
H99mGR,4
8kpquE,2
CEX1g1,2
tm6mTe,2
w9ufuS,2
VmcVLL,4
kYpFrX,2
bCDZkA,4
jdQAWx,2
7CbOib,4
WUR24J,2
zM901c,4
mFGHn3,2
RfLCAR,2
6wkS8Z,4
wwMtaz,2
yLdl0x,4
EJAqPZ,2
QDfkQ2,4
HBofdm,2
hVreGh,2
vGBC3e,2
NvWbZ0,2
JIeX0Z,2
c2JPvG,4
lw86Wt,2
zEvUmy,2
FfcW7m,2
F1U4e9,4
rnHSIc,4
danZbN,2
nKI6pU,2
EIGn2T,4
upzYSf,4
h4ySae,4
WY67kY,2
N76A79,2
3C9VcB,2
zY9B3n,4
4RRGsb,2
GtM2rB,2
D95haA,2
HgU9LL,2
DOqka0,2
YTsq5H,2
Bu5dkT,2
S5qgzQ,2
XsWlxv,4
9P03Jr,4
HHG2qd,2
TkvryF,2
huf60i,4
cKMlr5,2
JKQWfL,2
eS7AFz,4
Zumwaz,2
UJkFtz,2
MKkUnq,2
dNxjGh,2
Sx1xmN,4
yNwy1P,2
Zgd9qI,2
piVbat,2
GHpqdh,2
xOEpkt,4
8zdaA7,2
WNs7Js,4
RWkOBe,2
GdQ145,2
sGicN0,4
kUUZCV,2
Kc2qce,4
otTm36,2
H4u5Cz,2
qTfs4v,2
pWfKPo,4
GuqPyp,4
E1B4q8,4
f5eabt,4
dvC4qe,4
Y9OgGW,4
SRHl9M,2
Wh4WVi,2
hEHZA5,2
91O77c,2
YbrAzg,2
bY5QlC,2
H1GvcM,2
yrjO1l,2
AWitVs,2
ed8y9x,2
4ablJW,4
CWNpCI,4
RUZOQf,2
3EE2SQ,4
t4NlqC,2
we9PpJ,4
Eomjsw,2
toNbQr,2
xd91OW,2
Y0DyM4,2
z3kPUG,4
Kkbhf4,2
BY6VhM,2
ZcBO07,2
SzenJ0,2
SdGpp4,4
bq3K3z,4
RoGvOB,2
J3WRwN,2
CAWhNq,2
vJxSUE,4
QnzpAG,4
mcSYre,2
PiF03r,2
fcNIwx,4
DYz9kj,2
yAFeLM,4
wirHXq,4
wONfgX,2
3vwlD5,2
XKAhmA,4
ger9O9,2
dpojZs,4
Uzx06I,4
Ukf3rU,2
BT4xUw,4
IT8pWg,4
fZELsU,4
bmOZfd,4
Xq5L6G,4
WCFwqF,4
RojYX8,2
3SIG13,2
9cfP1t,4
askIQd,2
Ch3XFi,2
MhFzsk,2
pJ59tS,4
kzIvTt,2
OAFOs0,4
otTbRn,2
rtRkNa,2
7fW3wJ,2
aiP71X,4
XUcfzd,2
ETbZ0a,4
EZwtwQ,2
KUIsUG,4
t430ki,2
1DufcQ,4
XAoJOH,4
TrLNZV,2
aNrCsI,4
RHfIcL,2
jikzBz,2
NEj5cX,4
Yd8yzQ,2
PxrI2C,2
Mp7aHX,4
R65h7g,4
M1MjaW,2
7gHBic,2
68GJ6x,2
eX47CQ,2
vYXxle,4
fF8E0I,2
O3Mbdd,2
4NtV43,2
c3UbhA,2
A7iV9W,2
Ks9vSU,2
9RGyez,4
bqVNE3,4
CyLlVC,2
YhYvmO,2
dL6uCD,4
jvbQb7,2
fOPbNu,2
5eQGVR,2
64Repe,2
EquxBk,2
N0g7ZW,4
SVxAro,2
8cYIkN,4
wQs0k3,4
ZLar5T,4
866MIp,4
YU8wxg,2
evR20B,4
yAQ1nK,2
FrT8Fn,4
CLp7VE,2
eD5xT0,2
Zpaozn,2
zpbreI,2
cr640Q,2
Jfob8I,2
YWIQIf,2
Hv3akF,2
VrJyz2,2
KDBfKu,4
3e9jhw,4
Fi3jIQ,2
9nBxi6,4
MVTEj6,2
eTrnOe,4
iolv7U,2
gkSToy,2
kVPWYF,2
xJtFAi,4
8A5JR8,4
zV1gX0,2
vBW9Iz,2
2T2wIy,2
NYubDl,4
YMbD4D,2
vS7k1f,4
cuqVKs,2
QpZZqv,2
T3n2dw,4
teDid1,4
926hla,2
OXQo5x,4
sZumjR,4
gKR7CJ,4
qeCnSC,2
a1gZig,2
HqWnNz,2
niIi52,2
vV0VZ6,2
fxAsO6,2
dOgczw,4
nwhYoV,2
u6n5vK,2
IZKvit,2
IUrLWz,2
Trjn4V,2
1vl6Ep,2
3z9AV5,2
Gumnoe,2
F7tp1N,2
zG46s8,2
RQIWcn,2
RrZfTX,2
AQ1OSz,2
4ZbyUn,2
RGFYrD,2
HKEDbM,2
4g6kH4,2
gn5f0X,2
sLUkmX,2
FnCSpi,2
MJLgxW,2
0eUJdK,2
diLPne,2
SjFXcD,2
aQjEJd,2
N7I8SY,2
UNRj1Y,2
UcOIum,2
5IUhyW,2
WUTKN8,4
0jV19m,2
4Kh15g,2
69aoDg,4
FpDFdP,2
f4OLy8,2
qbecrp,4
DTlQjE,2
PsCqot,2
yNj6vz,2
vsLuez,2
0dEvpp,2
ighHRO,4
nx8Euo,2
B0T7ZS,2
GzDCuf,2
U7YPpg,2
cBwllb,4
kmiZX4,4
idZe7w,2
6Zgjmk,2
yKGbhb,4
O0x14Y,2
gN1PUI,2
no4GJy,4
iaEe8g,2
Z5hpCD,4
wVXQh1,2
E8tww9,2
aTi1JG,4
em7AKe,2
KOkX91,4
EATSrR,2
B8fWxe,4
10c4bf,2
E8FlQ7,2
rmc8yw,2
qHqt0R,4
XmJJJK,4
exQ0Kf,4
9zdzkI,2
7TwSnV,2
FmF4Mh,2
qDwP0n,4
xYE3Cl,2
fgJyt9,4
jW6EId,4
HBj8H9,4
YuoE1H,4
5EdOzR,2
E6DQmJ,2
ka2i3z,4
eQ64NV,2
pVgJIn,4
KpiIS7,4
qpiEOF,2
rCJyUd,4
6JDJwp,2
BMsXXn,4
7cjIUM,2
ubSfbI,2
U8DCRk,2
U0I5iV,4
1zi47D,2
FsrP64,2
Xkhhbr,2
CBH7w0,2
8qWzHd,2
T3zD8s,4
pEJpg5,4
DaHK1Y,2
uffIoY,2
gTMhDA,2
cVL4p0,4
IuUbsV,2
XYNeF6,2
6DSLK7,4
rlXVck,4
vv8Nbl,4
cDMaJY,2
ZXFtKg,2
SK7PKu,4
BjZugH,4
oJzE1p,2
jM7P4w,4
Um6WDG,2
NBM1bW,4
AwJLAF,2
SfHl0D,4
O0ZrBa,4
r53FFj,2
lRHJ63,2
GZ8G1A,4
7KCQHF,2
gE1E2n,2
wMxKXl,4
teHEXY,4
UsACAD,2
Ljl3K7,2
kWoStB,2
qf5EM4,2
RRJ7uA,2
hb2TsW,2
UT1aUw,4
0yW3im,4
l1WsYY,2
UlgXS6,2
sbAJlV,4
XrnKOb,2
XXaDJV,2
GNVcYG,2
kJNcJT,2
0LJ7Jc,2
HORgSJ,4
d2b7OJ,4
HE6iVs,2
EPMbi5,2
hXOxTs,2
dRdaPI,2
LMsWx8,4
tQFRmV,2
oaGGB0,2
4C3Uh4,4
WktQlA,2
E6wMve,2
fm4Avz,4
dXYe49,2
P9MtKh,2
k6Yv3l,4
mywCrQ,4
z1omll,2
TJldxG,2
sKwVdf,4
ByGwWD,2
kl4JMX,2
yusgTp,2
aDt1vj,2
osmaQr,2
vIzEiH,4
iJ8TD8,2
NcuJJB,4
UcohRD,4
YN8DJW,4
6e5qa1,4
B00ByC,4
bbzHAr,4
6kdEua,4
HI7YqH,2
5uueEz,4
6YxIaN,2
GBLCX7,2
s0r7ae,4
MJWuGN,2
4gGtTL,4
rFbQ4w,2
ZetlO5,2
hURwGD,2
tKVyfB,4
hyqeEx,2
s0MIci,2
1wWqpI,2
yCcsyX,4
mU7idL,4
07j9L5,4
d6CCol,2
BsujGM,2
z4Cvnb,4
PkuRTC,2
KyiqCQ,2
pGFBTI,4
PHXaOw,4
R2WLnT,2
BXnuFr,2
mSgRWn,4
qOa4LQ,2
ZYk4IS,2
r8hYpc,4
LAzJyL,4
UYUx5L,4
K4Kul5,4
6rxEhQ,2
wGOwy4,2
ramwkQ,2
Hq5WO3,2
mPxyUq,2
5IHbR2,4
Y2GWov,2
9L5TBX,2
T6uAKR,2
m9GKys,2
8Tc1W7,2
Jv6638,4
GP4FJ1,2
Aar38p,2
EDjwK8,2
NNp5bi,2
rEPATA,2
2RbaQd,2
U09sHJ,2
xzafuh,4
pD55E5,2
2Zjvag,2
jqvgAc,2
sLN59P,4
ATBRL9,2
Guax4F,4
0ssmQ4,2
Hg0SgT,2
lJvnZu,4
AMn64w,4
8fx0GI,2
WnvU8J,2
ptLaj3,2
4uadxE,4
jBQlTc,4
3QRzbv,4
zPPhOX,4
pn8K9m,2
Onn9FB,4
Kr6ZJ5,4
Vmtgxw,4
1j8Lz2,2
NnURx7,2
LqoNRd,2
RPqNcF,2
G7OZjg,2
38aVKs,4
cxI9D6,2
xmhGbR,2
jzBJHZ,4
L8X1Tj,4
w75ivF,2
llka8j,2
7CkovV,4
4Bp3tv,4
GHIeYY,4
05xssz,2
UuTCb6,4
8CpwTr,2
QvByDz,2
9u4D3v,2
Je02Yf,2
5hptxU,4
zF5p0b,2
atITrl,4
66UiSv,2
uocqUy,2
6WQ4NI,4
kyhNQX,2
q0BM7r,2
RC1PhO,2
5tLZb6,4
uHtSK6,2
nEwY2e,2
cRMcYE,4
IBhLMV,2
ZKvq23,2
CXHIjd,4
DOOPip,4
BDdWwH,2
SxmeoU,2
NsuxqY,4
L4tydb,2
OtsTew,2
Bnh8IE,2
xKhXyt,4
8rEXAp,2
1F7Rsi,2
AzYBTU,2
FwGwcd,4
b6Xe62,4
xE6vjN,4
6k7QjX,2
ByZHZK,2
bWpwnn,2
vGaX1o,4
AdksbI,4
zcclzN,4
4LUX8B,4
t98F3f,4
UH6GyT,2
CUfPkH,2
nCa721,4
LgymkW,2
emMgFi,2
QJ5Uuz,2
SzBFzs,2
jLUPIJ,4
yw3Wip,2
ztoiks,2
4IDHEk,2
ncHV4m,2
5Ekbq5,2
38dOEV,2
jYxpz6,2
azlT3W,2
aQjpHc,2
nvn1AX,2
PccPRq,2
kxrPIU,2
kFzINf,2
PA5Cu0,2
QsG4gu,2
jTC9DP,2
oItbrb,2
IRzYLO,2
kL4hb6,2
d5ahdt,2
9RdPE8,2
emM6Ej,2
cxQDO5,2
29913X,2
7SO7N5,2
oMNxb0,2
WG8K2u,2
NR5ivZ,2
p1XVOA,2
wxYwdI,2
l7h5zp,2
rlJbWB,2
spBXRD,4
cASXLL,2
FjgGhL,2
hcC1Eq,4
RAaVHd,2
vzimGt,2
zqHYPt,4
b9o6C9,4
10BON7,4
7NDpfA,2
MMrTa7,2
MQLGbG,2
vwXPXt,4
WMpNAy,2
luSWei,4
Midwdr,2
d4lkVL,2
2JT8Q1,2
kwHzDm,2
Gepcd0,2
sTwxj9,4
TUWPEF,2
joZUpp,4
cO2byd,2
JfZNWk,2
eWL7OG,2
LJDa7v,4
40w82c,2
2kSwu0,2
4N51DR,2
1frK9I,2
Uv5wpa,4
PtFBYh,2
l7tNS6,2
5Ee8lp,2
tbCt5Y,4
qTUwLj,2
8U3Qs6,2
iaofzs,4
AYxKRn,4
sr82gP,2
Vl6Qrc,4
0v2kH2,2
149csT,2
b6P7rk,2
NTcmwM,4
ghBfV8,2
cQJbE4,2
djpKhG,4
noYAeZ,4
D3Wi9f,2
eK8jBA,4
eNzpr3,4
4XNwIZ,4
henfSK,2
MPyCvX,4
Pyxr20,2
L0t4L4,4
MxS9OJ,2
ZuVV5J,4
oxe2kj,2
fJgVaY,2
ifoJ3P,2
NbH16S,2
PA9pSX,2
qm13yr,4
tdl1Ql,2
uyiTUh,4
Zlntho,2
wcKHHd,2
jYb8fF,2
QkfBZj,2
TnmJNO,2
tXTqBb,2
EVbc6h,4
tEVfe6,2
v51Ye0,4
fuf7d9,2
BXQzM9,2
DNotJJ,2
3Anu2d,2
iNjbSv,4
6g5T4W,4
Aj4kP0,2
YDWjfs,4
ZeXqe8,4
10kkou,2
uFNRiJ,4
WXqntA,2
PW69Mr,2
CUQr2n,2
gzP7uM,2
AAxB86,2
w1eqNd,4
Fi46i1,2
oA6PJi,2
Pt9Ov9,2
r5J16Z,2
HnkgtF,4
uIATUi,2
czvpmD,2
EDyPw3,4
Mk1ybm,2
JEGFr1,2
RmdNLK,2
eJU0nP,2
mcNwPd,2
2o9Pgy,4
VRuxIO,4
Aknr6M,4
RrWegs,2
gdNWaF,2
jogD3u,2
qN9459,2
HeRvik,2
Brtf29,2
pMaRcz,2
4nf6ib,2
bEPoSc,2
DZAE9D,2
HPIY4D,2
EdxhjU,2
yq77SH,2
KM32XK,4
KONJLJ,2
7RSn4H,4
JTz3W7,2
NdABiq,4
gaGvWw,2
lAP9cz,2
OZFpKZ,2
NbihOe,4
pi9qQk,4
1duELT,2
ngkME9,4
CpzQJu,2
tlFXxo,2
RmvkVN,4
lNEixP,4
mfc0y8,2
ZzYxAm,2
ACYdWG,4
IReSvi,2
qjYykC,2
XuId0S,2
0drKVI,2
AwwdBU,2
VFPUvy,4
p73uEh,2
H5Qxks,2
hED6U8,4
ZnUYTw,4
RpZsdV,2
eU4Gkn,2
hu5DPq,2
EkCSqF,4
7TvIvf,2
uXEHFj,2
muno3q,2
olbjXn,4
qDKDuQ,4
AMgDG4,4
b5ULQl,2
obrfLy,2
btN283,4
ZyMCLM,2
a5YeVb,2
lbnuyy,2
0OGYqD,4
nc1L6g,2
AZibBl,2
qI5dOb,2
SRFNo8,4
NLBu7F,2
bjctlm,2
yp5CE8,2
x3Nfym,2
WqdSFH,2
ksp8dN,2
nZHx37,2
YvjCeM,2
T41daN,2
L1CBFG,2
HNluLz,2
4o2K1b,2
MP2m7P,2
gPOrHd,4
nc2HVr,2
RQUYNx,4
ChuAqZ,2
4J93Bl,2
V1Q2kd,4
TNycEa,2
OtzDCc,2
oyp7Xc,2
i8WDOY,2
bRsgnD,2
Q7nwC1,2
18tr0b,2
1RCIRD,2
6im8r5,2
4pP2PG,4
w3NbIR,2
sGuQI8,4
dYww9t,2
TcC2Oj,4
cJ8mKa,2
Z1eM6j,2
iVSZhl,2
nos5ce,2
EssfTM,4
IedwOW,2
SCSkUL,2
sU2ldG,2
oBxcCo,2
AnOuwp,4
A8gjbF,2
FTRNAC,4
zG4fBj,2
DGn8G8,2
bp6Ena,4
WnHmSV,4
bUbpSv,4
VK97ao,2
8kwnvk,4
WCp4IU,2
P79Fhe,4
ghmP7i,4
pP1LEA,2
8txUu4,4
6y7j5b,2
MgOSPa,2
RzNOk3,4
HxJ55m,2
gAezjC,2
Bubazl,2
JdwYWD,2
PMLcrK,2
C5uMGw,2
Y3K4za,4
UfgyDF,4
lRCahR,2
OOp2nu,2
vSxDwU,4
0rHlez,4
YlkC61,4
LtDbog,4
Zs67jg,4
FdE2PV,4
tLsSpK,2
YXGMQH,2
VsOL7v,2
P7DFYp,4
MIYriS,2
mVqAYd,2
wbMHyN,2
YwJXvS,4
gyHCau,4
HuTupp,4
b6EbPt,4
FXhjjJ,2
POcPvk,2
pHZoXK,4
pWO3cJ,4
IkVDF9,4
el5Cxj,4
TjciIU,4
tZbkF1,4
bSpkE9,4
f2EVwG,4
0tLmcE,4
zLtlzT,4
yY31wC,2
MmCw3l,4
kW90Ku,4
4kILER,4
XmgLZX,4
9VYv93,4
NJpcgz,4
9LEdUu,2
o7MhMT,2
aS1oiz,2
mPkYFc,2
GWv6VM,2
qfJQvZ,2
P7B65c,4
9vzybN,4
K72ERv,4
d7xpMj,4
OvP6zJ,2
53HjTY,2
6U3O5Z,4
KqeNZP,2
GhIUZQ,2
6RO7qW,2
fwzKS0,2
M9xD6t,2
WHaEOM,2
gDMbjS,2
1c9FGg,2
l4kyMi,2
RtqzCA,2
gO1NYd,2
MoOOly,2
o6HFf0,2
h31OZc,2
2crq6E,2
JgTcmO,2
f9q6Vl,2
xXeES8,2
rNXSBY,2
xdtDsQ,2
ngtRKq,2
7Yiqhi,2
TZCExF,2
c3BrJX,2
YuV8rp,2
jMqvg6,2
ZREFor,2
yF6GYx,2
DPD5LS,2
CHzRfY,2
ip2hiU,2
DHPrS9,2
MqYaeR,2
2QT3Ib,2
bJKjTs,2
gRvSxS,4
qntpNd,2
TrapFF,2
Pa72kb,4
TC2gVY,2
OEjOzH,2
GdPpEE,4
3fqdg0,2
IoqBaI,2
A7N7Sl,2
aZ5lyQ,2
3t9fH8,2
BPxsmB,2
0GvHwG,2
c44NSQ,4
JfyP4q,2
RJL46s,2
bwByE4,2
NvsU24,2
TYH7S3,2
0vJTWp,2
8k8iBm,2
bo5V5m,2
flNbRu,2
sjWeli,2
bhHmKY,4
4VxgzR,4
9KRMLh,2
AOSTo7,4
buDnsA,4
WDdrun,2
yoEQRX,4
E0mPje,2
UN8IJh,4
F7coq2,2
i4UDum,2
aJCYYM,2
xcbDeB,2
Cz2Piq,2
XCal9V,4
tAZ37W,2
SnsyTZ,2
krFNBl,4
1q43GD,4
QoYnta,2
3spppl,2
BZOZdr,2
m2bTQ3,2
VFICBB,2
4bFupT,2
rter0I,2
IMm4uG,4
V2DAyQ,4
EULmUW,4
5KwMcb,2
IHHeLU,2
CJzp9H,4
nz7I33,4
kIkB5t,4
r663nQ,4
JSWbfC,2
mYDiJD,2
HnfRNJ,2
Z7jAbZ,2
g52ngY,4
PAhqBD,4
V8D6kA,2
hcjoLR,2
N8pgg7,2
s18pfR,2
9AFLv2,4
6nHzlT,2
jQGVUW,2
LoY0ZS,2
eFhQeQ,4
jaGDn3,2
WULd5U,2
oxxR9I,4
PN2mVP,2
RHkal3,2
RnJQXa,2
RGacQa,2
lraa6Q,4
0Crxgt,4
eMWLpx,2
Nw1BQU,2
4cX9Ks,2
AZkSEl,2
orQkyt,4
VmQD8E,2
PLXYmN,2
LXMZ0p,4
6JZShr,4
lqKJqr,4
AeydYj,4
sD8mRX,4
lwXQbZ,4
ndnxpJ,4
KKvX3k,4
QRIrSU,2
HFSnmz,2
g6Vd8F,4
XALQWP,4
ZlIa1t,2
oU0jgk,2
HbEDC9,2
sbzctB,2
gFwUYg,2
LbQK9W,2
Rvd9hZ,4
w1JqGY,4
zujPTE,2
2OKUBW,2
xdoEq0,4
US4PB4,2
jjAYGA,4
BgWuPm,2
dzZZB5,2
LCjp8e,4
PMqPgH,2
aqm5AN,2
xXZgYc,4
fe9e4K,4
5OyJ7b,4
dRtkPW,4
0Wb5Zg,2
kE3VfT,2
tmpbP1,4
7lkWdD,2
h1SmLl,2
Cn6FAu,4
lPpbQg,4
Prp9lg,2
w7Dkob,4
mJ7sCa,2
k7zC2u,2
Hz7FhO,4
nFZnB9,2
pTFYqw,2
qfj62i,4
QIRkx5,2
HSV6pj,2
rfirAl,4
zip3kL,2
TIB5aF,2
ZL4B74,2
GIP0zG,2
UEkKqd,2
RN7UWb,2
NtApRf,4
ucsjPe,2
Q5mWxW,4
Eh7BPr,2
pMhl7a,2
syaRxU,2
BXTraB,4
6sWuUg,2
7CRkt1,2
eOM9HO,4
bzDXFX,2
qEJ4za,2
nOC2ia,2
YXgWYS,2
lKXwwX,2
yZE7Lc,4
g3VR2c,2
f7TuNs,2
CWWZV0,2
zSpewm,4
be1TDR,4
XpxrYd,4
lqLUQh,4
zchQZG,2
sy5UrN,2
B9a1vV,2
bcDAh9,4
onEYlr,2
S7Lvi6,4
Hi2EJw,2
Q4o1vL,2
uMQNax,4
elYAvk,2
DbDmFE,4
SngwlX,2
nFyoCz,2
3TZARJ,2
TOeLtz,2
WFJAje,2
KlFWKu,2
gwJ8yu,2
CKGQnm,2
q5apgp,4
xszhhC,4
as5wvH,4
gT7jun,4
xxLXg9,2
bjlMKx,2
7F902H,2
3BADYf,2
izg54X,2
rTU0Ec,4
fgpnQT,2
x4424z,4
cDNEn0,2
3xfnm0,4
2JxnN4,2
HsaihT,2
6Zj5RS,2
11jSbv,4
oO41Ca,4
HgCALf,2
vI3gj7,2
Zp7gof,2
BdLEoj,2
KShIwx,2
Ao8dqI,2
6n6Nnn,2
4gYXBf,2
aAkYvD,2
LsZ1Wc,4
1b0I8F,2
K57PEE,2
xWWal7,4
fIoCGv,2
n0xUax,2
zfSxcK,2
kNNwjv,2
IoUn8d,4
TSD3Tx,2
5sJLak,2
c0YVX3,4
qRK1Xm,2
CpVIfb,2
HWxd8O,2
mHJdXV,2
HXcCCc,2
5VuDoo,4
LrvuvK,2
2Vv7mX,4
kDhU31,2
FJ9Yhf,4
yVMncb,2
JTId1x,2
z4p3ru,2
fiXCKW,2
zHtiTh,4
L2r918,2
6lH76K,2
RxTOy4,4
Iyd4v1,2
eWBQ0I,4
JpIR3h,2
K5xC4x,4
HTahjb,2
4m5WJf,2
ITdrPQ,4
I5wGwD,4
AgoUa3,4
00GGp0,4
a3I7Jc,2
5rO4hC,2
TqqQDK,2
kSuNn6,2
WLjucZ,2
izVVKP,2
VlYWZ8,4
avkPoM,2
z26Six,4
Mkf3lz,2
kADbwa,4
lbdsla,4
BogKPb,2
MO62mN,4
nmeYGJ,4
Ud46T2,4
X9lp7E,2
ftAvd4,4
kFxzMC,2
XfM5MH,2
kRsxX5,2
D0YgJw,2
OCFm6T,2
TYMhYY,2
fx7qYf,2
NYOTpL,2
g8BL2X,2
wWvADU,2
Ha8vxz,2
eAjiFc,2
E7AT3Y,2
qqQDNh,2
xFxwta,2
gWOo2L,2
1BBtpw,2
PITKP8,2
gv3Md2,2
CbJFcK,2
3izwFU,2
jkpX5M,2
IliU4w,2
vV9X3W,2
TlIJT4,2
zkhtIg,2
QgyCvC,2
M9lWYu,2
xzks6h,2
SXLRiy,2
B6W1Qk,2
KQdHNE,2
lNsgOQ,2
vwd97e,4
lFgKCX,4
Cpcq2m,4
NU0CKv,2
BNDQnT,2
7HMKXH,2
pyMfeL,2
rK7EdI,2
BluN1u,4
CTpvDJ,4
W8NL1h,4
mXSnMH,2
xzJuge,2
isD0iN,4
cgo7Qm,2
42FNZl,2
lRwMEI,4
pzby71,4
sqt6eT,4
mRSBdh,2
43RBxS,2
uVJisa,4
orbwgE,4
7t7sCB,2
Bk80Wj,2
rlizNR,2
AfRnnP,4
jOgzBF,4
JCZ4HG,4
TAkowZ,4
1tQOha,2
RKeB8N,4
sjmttH,2
hRgwbF,2
1iMS1s,2
nLoJOs,2
DvaY1g,4
4F11fF,4
oHnI75,2
JHs7ae,2
CZxxRd,4
4RX2By,2
ikfGDl,2
3o54Bx,2
j5vcCx,4
hekFF2,4
kcvne0,2
7dANrN,2
VT3NvU,4
byxWys,2
XTMCpS,2
kPavQ4,2
2KjU1Y,2
TEtKpB,2
VrWL14,2
S01Uo3,4
NP5yR5,2
TWKxVM,4
thp597,2
X0hmzf,2
jdNzTA,2
TiMHj9,4
q1Iw5e,2
q14q4U,2
tTf2BQ,2
9uUS48,4
5wmHXr,2
nuMSRK,2
ygM9RB,2
QTl3s2,2
dxUvsT,2
FLzekX,4
dkpv05,2
32Byve,2
l2C1EU,4
Xffx6r,4
qEtpfl,2
X3o9JH,4
VnnZfk,2
71JQGf,2
3ECICn,4
qolXz9,4
OcmjVt,2
82RKvz,2
wO7F1J,2
uZCQbf,4
Imc1mu,4
jUU3Hs,4
gYO2GR,4
MCIywI,2
K7eNUz,2
JqyFfH,4
3g01Rx,2
KNDqPy,2
xdEipQ,2
2YcCfA,2
cNwfCz,2
o4ed6m,2
DYUroZ,2
3rt17b,2
RNxzpz,2
wCVFjL,2
n8sUD3,2
vgLApW,2
MU8yhZ,2
Y9F74v,2
de0onZ,2
7LGElq,2
pA461K,2
C1F1jb,4
TXV4rd,2
nA5vob,4
xNH2ji,2
8vq0YJ,4
7AXL4V,2
BRkRSY,2
c51JZh,4
MUhQJ8,2
ERcfNO,4
tSknAv,2
KtTETa,4
5ln3UH,2
PzpAw0,2
ll1uuH,4
MUPswc,2
aZyzsn,2
bq45KJ,4
w029pB,4
8dXhYP,4
T3gQ1a,4
rUal7h,4
8cw90R,4
8rcss8,4
H50ZiS,2
9trMOy,2
ulEkpi,4
mXiKW9,2
mHnzWr,2
m0q4Bl,4
u9efXP,2
GcTR6A,2
5PxJNM,4
joUPSr,2
WTYKDH,4
CfR29x,4
IN6t3Z,4
Ldiotw,2
SVsCDd,2
jq5ahd,4
8u2HPI,2
XT4Yv6,4
g7gm6c,4
BkhGvm,2
ay4vNO,2
XD3UXO,4
5as2YB,2
L3tIPr,2
fV8ld8,4
Yy3MUI,2
H4Ug5c,2
YYzEaD,2
mglKns,2
Smnw3M,2
ayL4yT,2
pOSBmv,2
VgtRwx,4
2Fl6dS,2
AppLCt,4
zxNgp0,2
v0xDgV,2
SID5cH,4
v3D6EA,2
8MqJIj,4
kiYPDa,4
xIjNvK,2
zTkSwC,2
hI1zOA,2
ZeZgps,2
oQPiek,2
1KkQDu,4
MQVdMI,4
ZLPqLw,4
Zotxba,2
TLkRUx,4
LbsXIW,2
2wRaDe,2
iOvSvv,2
DtvNm8,2
U6JoVw,4
mNgLR4,4
Y8FTUN,4
7RfUG9,2
gnGAOK,2
uUVby9,4
7DUmA4,4
PRswqz,2
n7oRzF,2
Yf8teX,4
T4s0GU,2
GInytg,2
MRziwb,4
Rs2WJg,2
fUV9yw,4
AjvRGA,2
eseues,4
pfe5ko,4
sb1SI8,2
5ibQRX,2
IJeX6l,2
dOtQzx,4
fK4Vqn,2
BnQY7F,2
VMYsU0,2
cqoyx6,2
0VISzi,4
ZOHzGJ,2
JXOTYj,4
uOZDLK,2
M1qEcO,4
zl4iUD,2
7gwsVG,2
F9L2Ay,4
Jk5aoJ,4
ZUoFJw,2
hAfOo2,2
n9MWgx,2
8LZART,2
BnbjHu,4
EkQRfe,2
7y6AaN,2
TUFgcG,2
IKtnLR,2
xj86gQ,4
mcZ8UA,2
loKQLm,2
TuvIjQ,2
fYif7Q,2
kKLjms,4
2YjqIA,2
LrVzSg,4
1M1dtb,4
bqFs0s,2
rpsbAr,2
oExKAG,4
6yRvRL,2
BCqwq5,4
0V8Pl2,2
onPXv9,2
SQnkoN,2
MVwbbY,4
exDbPb,2
dHrG3r,2
Cw187x,2
w0rtbf,2
Q3y4BY,4
wDq6TZ,4
mIrNn2,2
llgQlb,2
fp7HcM,2
ZHZVYO,2
X2C40C,2
J6H3BL,2
ocJ0sZ,2
axfSSJ,2
5yeWG0,2
ECpQNv,2
48Ii5a,4
vgXvAG,2
Q3H1uO,2
SJFSWR,2
QZHBFu,2
OZYKwN,2
UeKTQb,2
mmT0Nf,4
tBqz7x,2
nWObME,4
eLOGKt,4
OAhVG6,2
SjK6jw,2
gvpiyW,2
Wdizm2,4
v1JltH,2
832Yz7,2
nsz7wf,2
070M5m,2
dua66D,2
VGSaXf,2
Z5225B,2
TT4nSQ,2
46zFYi,2
cJOOyT,2
ZStrby,2
l2ue3v,4
qd520a,2
gnI28h,2
cWtZBC,2
e0ntZv,2
PAxYMi,2
B9LaCI,2
XE8HMZ,2
NH7r0n,2
X7m7jG,2
xjNKIs,2
r9jsFp,2
zDP6pw,2
1Efiwh,2
8TyUXY,2
DzwcNm,4
WLncrR,2
XLjiuw,4
TMZqPS,2
YfqBbA,2
O1pBtA,4
ohbUeg,4
Oe5ax5,4
3klcfl,2
AYR8Eh,4
TUjXQa,2
vKQGj8,2
mBGNrr,4
H2AtLD,2
7WZ8Bp,4
QvVgND,4
zq2lEM,2
wC9lS8,2
qbHfRi,2
1tO7oV,4
edu7Jf,2
xza4fj,4
iFuggp,2
Nw8VEG,4
YVB4ZZ,4
XMO5Th,2
eis0Ej,2
KwVKco,4
Gazgxm,2
IeS2UY,4
HS6IiR,4
SCnv7i,2
g6ovvy,2
XSUSIb,2
hL4S1G,4
7qGSpl,4
FC2OY3,2
bFUCvk,2
1l2WE8,2
cb0bOp,2
IibAga,4
d5Rk0l,2
E1LT7r,4
vMWC5Z,4
bOhFHi,4
B2UT8h,2
ZPH64T,2
a2BRkU,4
S3txTT,4
b4XosC,2
TGWtuK,2
GGhmFc,4
L8lI6c,4
zpHSIj,2
ZFbMit,4
DNYfO3,4
pgZFjB,2
prkQpr,4
6aXWot,4
JULa2V,2
daVTdb,2
fcfZXI,2
H83sWZ,4
UK5oAU,2
8irqN7,2
N58lpS,4
budnKi,4
msAKiq,2
iB8txq,4
G5jhKz,4
nZVIba,4
zP1Epu,4
SS3d96,2
49lyLa,2
Q3HZqb,4
P539Xb,2
TSC559,4
SxQjkF,2
224dUf,2
KBRgYL,4
g5ThMG,2
fXlVkQ,2
hWq6j3,2
I7wXjv,2
SJha7S,2
S3LvmH,2
cbobN9,2
uPW1Jf,2
FqVUPV,2
mMZnLk,2
ILYR0k,2
5PtYtq,4
94mOgQ,2
K2X3Sl,4
4yFbAi,4
iLpmRu,2
HP6Q9U,4
tTL6ed,4
anNAyO,2
lW02q5,2
DmoZl4,4
zoJom7,2
UAQPml,2
ttSO92,2
zVNjmq,2
bOq57z,2
U98UIC,2
uuDxK4,4
2UaWZ5,4
RKjAzm,4
XuJtzF,2
PkkGzZ,2
5mRg5w,2
glNcp0,2
WSpUl2,2
zWXhgr,2
yJsm1m,2
U642tf,2
fSb7S1,4
N3YrUw,2
tJfnBo,2
UGZuOy,2
ROST8o,2
APgkDL,4
usBh4c,2
RYeEPG,4
Kn9q3d,2
cuIJSa,2
EgjLfN,2
cB5Xqf,2
vqViaX,4
Ss4HmT,4
6n8AbM,2
AnrHJw,4
3ixnQI,2
B4U5q6,2
58g27o,2
eESzdC,4
c9eNDu,2
gQZl6h,2
TaJ3fe,4
qJJymX,4
QAbCsw,2
drwC8y,2
sMTzeh,4
URZEc4,2
1OJsGW,2
u2iQj2,2
DQwEm9,4
v8QqJr,2
L8q1pC,4
e4ghst,2
9cALSg,2
2i516Z,2
o54cjV,2
alL8JU,2
FHdnTa,4
ehdeem,4
HIugGr,2
ZOkqwM,2
jRBT6Z,2
xoPHNw,2
aVg5Ue,4
S5cX8p,4
ObsaX8,2
Z6sWtv,2
jaW6Ot,4
yE7o8w,4
1wDFPV,2
nnM5us,2
pPnUW2,2
k3LxhO,2
dMfJr7,2
o3B8R4,2
0oOFgq,2
YVhQMd,2
dELseS,2
oH3sXJ,4
IyaER4,4
uxOASM,2
u7PiHp,2
7l8UWN,2
ubFb9U,4
dhIAXG,4
aa7YnK,2
PD86WH,4
YcdxPO,4
c1Tg7p,2
idswX3,2
6YQhkx,4
LGWHe4,2
SqodYD,4
cKquan,4
y4HhDM,2
Ra3TVS,4
Ul9FUQ,2
WTrRkM,2
62YwQk,4
eJAGjG,4
zhkFtH,2
3S0ask,4
kqomD1,2
D2jrb0,2
2327K3,4
l83T4u,2
VAhy0W,2
sRMyMl,2
GVokOe,2
3cOrxm,2
Zmaann,2
v8aS3s,2
MSGbKp,2
g2Puch,2
0iYtW3,2
tTylaP,2
orO6jb,2
0a2qhQ,4
U988AS,2
fvViqA,2
XW7L0m,2
BiyrZI,2
9IU8zO,2
wtGTXD,2
DUIiPa,2
8Q5oWq,2
akDItH,2
ZpgsqB,4
0kdQxY,2
ETU9uC,4
WPo1tc,2
NXScv6,2
eFTdVX,2
JChUY2,2
Tn7exo,2
D1bnw9,2
j0XgYn,2
lnK7Tq,2
CpFYgb,2
EB35gB,4
R0Ztnh,2
VPEIGE,4
y9ZmTN,2
i2inSr,4
orrcPy,4
ehljhB,2
ookaH7,4
1R95Eo,4
2glWYe,2
38q3ob,4
HCR1Hy,2
KhvbSl,4
SN4xZx,4
4vMz10,2
UEm42r,2
J5G3Rc,2
B12IJw,4
9glCwS,4
5l1AKq,2
okdiFn,2
2FbW4W,2
n2AEYR,2
i3V8nZ,2
uXQBKu,2
jSyhRl,2
QcWwjh,2
5ZywnY,2
INeMs3,2
Ng0w4e,2
rsFH0a,2
jvbFeB,2
zX24rj,2
s7DzAg,2
BroEql,2
8zqOpJ,2
3aOrnn,2
XhoAuF,2
M2XfZN,2
3bvZ1H,2
5rIvzd,2
q3YbaB,4
GzLlaT,2
uT3hkH,2
CJGorR,2
VmGE3K,2
mbR4L5,2
arr9ow,2
ovrEk5,2
h6PmsH,2
CmsIrG,2
cSknhI,2
pVWGtE,2
NMXnym,2
CWdxOY,2
4rPZe1,2
556Z7y,2
2u8j3Q,2
V9P3Hv,2
ThDbyb,2
2vUopV,2
NPNE8R,4
FzW1dJ,2
SVYRWc,4
DJ0bhV,2
CqUnsL,2
KVJs54,2
vpdpUi,2
bm14b8,4
PX8Xx8,4
vi5LNJ,4
33O8dB,4
N7Ecub,2
0PO5iX,4
Df8j0l,4
mEmTfM,4
6XsAzE,2
ROYMDy,2
YhUFq4,4
21CmQG,2
YUpXoz,4
Vs02v3,2
ymPo6f,4
tO4Hrs,2
3K0mAT,2
vSk195,2
PWPrLj,2
ZloyE8,4
hR7Lor,4
mEFDva,4
CB0JXZ,2
uppxpX,2
7rcm4T,2
asY1Hy,2
ase4CF,2
6I6uI5,2
aZLaga,2
hmQV7h,2
GErduG,2
eaKtPF,2
VGnrk9,4
0r5fp6,2
Jiddmx,4
4TrMIy,2
1pqHEh,4
orE0Q9,4
SC036n,2
ifiWS3,2
5KrSTX,2
fYCiVN,2
Hzummu,2
i7WvGr,4
FcLLpI,2
DSt3Y0,4
e18PZO,2
NWXHpM,2
CSveeN,2
MgZxuN,4
scsYDh,2
RMA6uM,4
VN9gpX,4
hTNMaa,2
yRN4dJ,4
H0Xzrt,2
VVZOmC,2
2jR256,2
scSbeH,2
Go4jV9,2
yp0AtK,2
bVBv1s,2
dMcroE,2
vqjkqw,2
UnptN1,2
UUHK3y,2
cCxMq5,2
yQcxFn,2
LCFz7y,4
VZe7FW,2
nzu1JL,2
gjOJEt,4
c5UQGY,4
rI1lIM,2
uOW3xp,2
RA53LC,2
aJbeJK,2
lHhaN6,2
QVMRI8,2
0Vke3i,2
ZVh0lV,4
ML27rQ,2
8zanxd,4
Q4GB0W,2
MsSbSv,2
kNblkI,2
2mM3jW,2
sqjrvN,2
VRODsl,2
lfjtRi,4
5t9N2V,2
u28c7y,4
Wj6AbA,2
pknZYl,2
RlwWDK,2
UknYQU,2
yNhoDA,4
3acpJv,2
tqu2ML,2
PifW3P,4
JRdt1o,2
BnOxub,2
fwUv05,4
tQiv9q,2
TKxZIX,2
qeGyqo,4
Xi5Kqk,4
Tgn14L,4
0OXAfR,2
JQdBlq,2
fb5In7,2
GnIp6w,2
9jXA9A,4
UnJFv9,2
jfpuzN,4
KRtr1Y,4
6OSgp7,2
YWC6zg,2
LW0yDb,2
w1w61b,4
nea8xu,2
16E0Un,2
LtwE6p,4
XVrhoY,4
wMkgjs,2
2eEmVV,4
XP5UTg,2
JQCerB,4
ikLHlw,2
DbpvTQ,4
QfFlHj,2
kzRHKU,4
BuwHQt,2
c3co3e,2
QUfmHT,2
GtQyxT,2
bzpMvl,2
ZTEAUh,2
98HDWT,2
PQSYhC,2
LnC7hm,4
usdeY2,2
2KnwPc,4
pv1iHw,4
baysgp,2
J3Sw1u,2
Sns501,2
0Z7hag,2
nbiwOJ,4
JyQFP0,4
8v2In3,4
NM7pjC,4
mSL6nb,4
LCWT96,2
qXFbYz,4
oWWMJg,2
9mQehv,2
BXnPA5,4
a2gHnn,2
t7hgG6,4
tHIbfw,4
nksmrA,2
nuDiHg,4
Gbla6z,4
x72Ybo,2
wJE985,2
b4fUpm,2
i06rqA,2
yDosXs,4
yEtgcV,4
CkvtDe,4
f1CvHd,2
7CUDp7,4
mLXm8o,4
jheUBs,2
cLEF1f,2
1kjJ2A,4
n5MjDb,2
MQTf1x,2
5JE86l,4
54mGY7,4
pmSWiN,2
dOqauZ,4
g3lyqO,4
boKB6Y,2
JzVPTr,2
U2k994,4
G8Ov66,2
gl7dE7,2
BJJ9bg,2
tQ61xz,2
hNXY8J,2
90Bz2k,4
Ki1lEV,2
5qxml5,2
zzaZcZ,2
UqjXRq,4
Bemo6u,2
TinYlU,4
OYcIfO,4
P8UW7N,4
Dn4tol,2
FsEtIX,2
G6J57K,2
KUSkoO,2
NZ17yX,2
oqImQK,2
gq3nrU,2
xIjQL6,2
WUPNEh,2
GjXFAn,2
d9HSnL,2
FUFGhk,2
v12ckw,2
T6IUyi,4
HIjqae,4
iJG80t,2
hD2IJu,4
ut8DNc,2
ji97UK,4
86ctM2,2
rUjPSO,2
5fIBSe,2
69xivG,2
bfSYyW,2
25DA1d,2
MhWiAg,2
lFHP4A,2
RVVpIk,4
O6W0Ni,2
UUH2Co,2
bsZbMy,2
dbNXih,4
OwW5XH,2
Cue1ff,2
wVL7JM,2
ITfcZh,2
5eGqnX,2
YxSrRY,2
O7kbsi,2
ac9DLD,2
s7Dzkb,2
m9OV7M,4
LMkauD,4
Aw3rlj,2
4BVNUs,4
kra1t4,4
yvx96V,2
0ECuQ0,2
IYjuSE,2
hr4gWu,2
Xyw2l9,2
Iebdi9,2
fptHjo,2
xO1t8z,2
Oii4mt,2
6uA8sd,2
jNo8Ro,2
JAyDjn,2
5vDHST,2
ZYR4Sk,2
29tXFG,2
0QMCd8,2
BS6HbU,2
Iab5cM,2
enX2os,2
AVI9Wg,2
r4MgmD,2
XvW76H,2
MaThOS,2
SKS5ga,2
J1w4wM,2
HQkOwp,2
36AvXz,2
XFFPmw,2
96juJx,2
6uMwVR,2
IOsnoi,2
nkoQGA,2
2pUNfC,2
iHfKme,2
xL1wlb,2
tw6YFJ,2
FQWKtb,2
9yBWna,4
Ft3LgW,2
C4wiQ5,4
ohxSuH,2
DD7ZoP,2
cVqtIw,2
k2pKiS,2
Ft4DKo,4
HFi6Oh,2
jjhXY1,4
dlX2q5,2
rDK8cB,2
u2LYRU,4
uAIspC,4
6O8C0S,2
WcpCkX,4
5J0Ym2,2
pEtHZo,2
qx7h86,4
AKLvdN,2
GiJ47r,4
38wu9o,2
CuWJlj,2
SUGf7E,2
lIs3ok,2
X92UPH,2
wXoGqE,4
cCfY2j,2
YUC5sE,4
oXNX2B,4
LSso7n,2
ydg454,2
33VGQe,4
nlRo0u,4
qiYW6K,2
2zbRTZ,2
FY38wf,2
BP4AOa,4
sctFyn,2
DOPIuX,4
WJ1cMu,4
Ir1HP3,4
7Z5FCP,4
LkD81J,4
fOrXoR,4
yXHp4e,2
rDTsP4,2
9NPKVD,2
neBWpF,2
BZxLuZ,4
15snfi,2
VNdnNA,2
UOLzPF,4
KpISAl,2
CpZ3Rf,2
5Hzmgp,4
tWzR6X,2
YKVuGy,2
tKBH7i,2
haDioi,4
fmaLh6,2
7yXxPR,2
1azAzd,2
R6d0qG,2
TvJ7dF,4
4MDkgs,2
fIRST3,2
VvjwxN,2
KzYUIY,2
PRp8f4,4
2GbKBU,2
B9LV5e,4
9y81CP,2
Qz43q3,2
ucEhE7,4
epeYHl,2
x70ycK,4
blKx2Q,4
ohmRZR,2
EmWUbi,4
2Jcqub,2
lBtj0M,2
SFcEzt,2
KE9l9a,4
1K8Oeq,4
LcvLhL,2
wMPU8H,2
dYdksO,4
tzj6Zw,2
jnawVi,4
zuyQIG,2
NAUJRV,4
G5XL4z,2
W8s7Bj,2
rlYgnC,2
P2k8i7,2
zQ3LzH,2
NJdHJH,2
USuF4F,4
1b4O3W,4
5iaHrt,4
IwlvH1,2
3j6K5v,4
kc5Ik7,2
mwby0l,2
MAGhRu,4
KrtUl1,4
s0j9fB,4
uzwfCE,2
e3i7Uf,2
DYe3Wx,2
RQ63R7,2
JlX3ku,2
X1ijKW,4
Xl3lka,2
Bs5Lbc,2
4NOp5R,2
9Bwjzs,2
FJVY6q,2
SA495I,2
f2jeSx,4
gJfpqH,4
8UZWO5,2
tBssKq,2
NSUQaW,4
PU1379,2
WxQqBQ,4
7RTgZS,2
SEPf1A,2
tfH7rQ,4
fjrE3m,2
DvMz5P,2
6uWrfu,2
2spLXp,2
0TwnGJ,4
nbkUHM,2
OvEWtg,2
d8fONC,2
A6TBlm,2
Po2g11,4
veZL3h,2
vC25fK,2
quCCTv,2
yq4C59,2
sYN9NE,2
CwSVXa,2
A5p0vF,2
Cj9WJ1,2
dpV4wh,2
j0PHLu,2
9OaSRF,2
YovTde,2
rAe8Yu,2
VXeElo,4
qcWQjk,2
tgfHfk,2
tZtwan,2
FfQTHd,2
68ih2X,4
5rzLye,2
EM0yPc,2
wpQI4Y,4
kXmmFI,4
mP1qDX,2
iBbAJo,2
5eHG6M,2
tXwOij,4
foyBGU,4
YoYdDB,2
wDttpg,4
PqXKOX,4
sjY4Cl,2
APQG9D,2
DOM1bA,2
6VVP4i,4
JrHY9e,4
NrjgIq,2
s03uVP,2
JW7NfD,4
yOKW0B,4
i7xpW4,4
VpuSpM,4
eWlBIQ,4
dQifBs,2
ZU3Nw1,2
cFZoom,2
A8nvah,4
4cOWKV,2
GdMFxW,2
BPTkrg,2
MFAHdz,2
b5Mwgr,2
oVLDjs,2
wxcZsB,2
MmHGcM,2
u1C3sW,2
tbDbZ0,2
RCEB0q,2
8uC4fi,2
YwQhzu,4
dynv8D,2
H5cQcR,4
eIC2FU,4
pKtM9N,2
3WjWQt,2
KTrLgu,2
nDVbL6,4
WDniHT,4
CdhYZE,2
hVzkDi,2
6hQrm2,4
MOFQ68,4
8owFsw,2
SFTy1u,2
1dW9PG,2
mLdy0X,4
j9oiuf,2
AtlsRG,4
cXZ2L1,2
yxZ01Q,2
FzlJVz,4
hZlSaT,2
mt1qwP,2
nu4vsz,2
sMG7t7,2
eTUwQa,2
OHbgOF,2
k42zzK,4
huyHmW,4
cEws6x,2
SeoUoE,2
jG5gdH,2
SySAHk,2
30Fmb0,2
ZFBXDA,2
L831dC,2
ZD2KPz,4
qcIayD,2
h4s01a,2
DhN3pQ,4
EIWTO2,4
BBHCF2,2
ksn3Ku,2
gApOSd,4
gFsCvC,2
24AjhH,4
IlO8a3,2
UWAo2N,2
lAScUf,2
xIfTx0,2
UXoLlv,4
XKJwPR,2
PctRYc,2
70LkHQ,2
HRTvFH,2
5YKaTa,2
avkoz0,2
mrGt7z,2
65gCju,2
pWfglN,2
OoNTvL,2
boRQG3,2
PMSChl,4
c3oPma,2
7epLYQ,4
vFftr1,2
rfXwVr,4
um7Zwo,2
x4Keuc,2
MH7lxQ,2
RAWy8h,4
4X8d80,2
t9Cobs,2
WFqSoR,4
Yp8njp,4
ZPfGqT,2
zwhjAp,4
I0JOJJ,2
ORhBye,2
ZfWMlL,4
rjs9Mx,4
bqdtTp,4
2xmzu7,2
pnEzZT,2
07h9w6,2
VUxMB2,4
cooPZd,2
zgdj0F,2
sWwMbm,2
BEuXO8,2
Dod5y1,2
8ugvaE,2
bS3m4r,2
1MKphe,4
OMmrzV,2
uvlbgd,4
1H1feI,2
9WFT6o,4
uHQPje,4
6SKVny,4
q1e2Re,4
ZIlHOX,2
aUPokS,2
c9PfwJ,2
bPG68u,2
0WVvd0,2
JUDy3X,2
eABqvS,2
fwkfhL,2
k3hwhc,2
SYQyKk,2
Tz472V,2
Na5Jvd,2
v85ogS,2
SmvKOn,2
4c3emJ,2
ILqpGR,2
BIhDMw,2
6oSeDU,2
MgfQof,2
HcET9W,2
KxeicQ,2
FEjjot,2
rKrwxN,2
wgTrY6,2
xnbMWA,2
IVXwJ0,2
PEMlWg,2
n0aS7y,4
xGpzU6,2
CKzcWz,2
Ctho4p,2
ARVTS0,2
NG72K6,2
V6lQEU,2
fcpHcK,4
alJ7ae,2
q3vhOs,2
1Vf7fV,2
TqD6Wt,4
LNqvVZ,2
q8NNsC,4
PoT67y,2
hL2GFF,2
Ub3HTe,2
7EL0SE,2
eXw7Tg,4
u5Mscx,2
1ORs7E,4
wdGFn4,4
devchY,4
51fJbk,4
X8wwbg,4
gaUqkY,2
LDEuPY,4
McYNc0,4
SLithr,2
42uHcC,2
TGSS1x,2
8IRvan,4
7Ucwvq,2
HmcRmj,4
mDbLfB,2
4bECig,2
HMhzGo,2
taPd4h,4
i4lhfz,4
6YhyNZ,2
XP46mS,2
xFq9q4,4
kHc7AP,2
jXq38Z,2
E11s8q,2
1hXwDE,2
tNBZmC,2
7lfNFL,2
dfuXbI,4
Vmgm1t,4
NKTl39,2
P08dcI,2
ke503c,2
xdmtLN,2
oT9CjW,4
v3tzA7,4
4Vd2eC,2
TB3mgp,2
GQSaG3,2
s78e87,2
ObKdUE,4
AQ0cHB,2
CEsSuq,2
pIrmpv,2
qdI0Ne,2
dzE3lt,2
iAEyEM,2
J3gTa2,4
6zVvvp,4
p2QEI9,2
iw7lJa,2
QWwDmP,4
XgxwNL,2
lLNKil,2
kpCEor,2
KOnjr1,2
QUtRTB,4
A8mzh2,2
5P8D9z,2
dVzMZH,4
KmWqF9,2
DrveE1,2
blon9o,2
taDdaA,2
oqIQJN,2
ZimnqO,2
H22IxM,2
qI045t,2
QunqQC,4
wrJYC0,2
Vt6AXL,4
U1HsY1,4
MP3mHe,2
iK1GeA,2
OAx2lM,2
c5uMNi,2
LKvCWH,4
mv8S4M,2
xJGKJG,2
XDQsZg,4
h4dSgz,2
dLwkwf,2
3XH2Vf,2
s8mSpY,2
zoUgZh,4
gW6BSQ,4
d3DDLw,2
sFcBfw,2
oIgDWS,4
6zxmzu,4
OBlDtr,4
UU2N6Q,2
LEAE7x,4
fIpfTT,2
0RQQyh,4
a4tZGR,2
8Keqfh,2
7T4qBq,4
mT6ZPx,4
dgod4z,4
RtRXuD,2
9g5qPt,4
1Pghei,4
Hdzi4n,2
8oZheL,2
71koph,2
W7yu5A,2
AlhrPh,4
H9mMep,4
RRk1eL,4
m7KieF,2
08GvnH,2
raUHB6,4
WdbbK6,4
qYSFqh,4
H6VIf4,2
c1yCdz,4
ztPOvd,2
7BcHpX,2
2uuIFS,2
4y51cx,2
CPvvsl,2
Q7rukb,4
1V6r8w,4
8SJ6SV,2
kP0zw1,2
ahFEzz,2
KGDOmG,4
C4zboX,2
pJNwaG,2
5rYJ4n,4
EZtlW7,4
NI6n2q,2
d68O9z,4
9FabO9,2
gzlDq1,4
Aaoapt,2
vxXH2b,4
Us2i8q,2
1rOfSz,4
rqzJSQ,2
axuorH,4
hFDH8z,4
dVjQGC,4
nK759a,2
bDMax4,4
vOH7EU,4
L1eRFc,2
Pgv8yb,2
D6ZtFo,2
nVrE4s,2
W1bvSW,4
UfQohA,2
J0EdX4,2
0gIiJ6,2
GVjGuN,2
YN35iA,2
ORsCnP,2
pQEWgk,4
iYR1Rc,2
FNAB9A,2
s1dZbP,2
H9BaAu,2
fw0Taj,2
HFnGv6,4
90qw8X,2
Ip8PH8,2
R4BFN6,2
ccq0v1,2
fXM2nc,2
APS29x,2
nmNMcU,4
s4vpPs,4
vzDKrB,2
SVKsUJ,2
zAXlmz,2
q3EEy4,4
bvA4VD,4
PUqOXt,2
WI8H2M,2
kOm8a3,2
cwS5Sw,4
eRP4mp,4
fxsTo3,2
sKpSCT,2
cmq7Ou,2
aHlZxf,2
6M42pW,2
NkmrD6,2
5xEKcS,2
a10gX3,2
YDl33J,2
y15KEy,2
2pU2Xp,2
BFHguq,2
rQHitI,4
0cjzNP,2
gUeizw,2
uA8a1F,2
Mdm0cX,2
fWqJFo,4
tW0n5j,2
FjuTlg,2
ByuL9y,2
FlaXGC,2
KOyTDo,4
STptTz,2
A2fPL4,2
4gTJZa,4
ABTiIC,4
2R7C3R,2
8fRk6O,4
7gF662,2
Ev6nDw,2
lT6OYA,4
YrcTcI,4
NZs6Vd,2
POPUvY,2
B8v2n4,2
Tvot76,2
r6pF4n,2
RmDhee,4
ZFglkz,2
zeuIyY,4
KYfazD,4
8ZS0LG,2
VyjH6F,2
8YzXsz,2
XMcuCC,4
Zowg2Q,2
XhI121,2
kv5Qmk,4
uUVklu,4
sk3rex,2
uMf3Cp,4
ZILzW3,2
vjNKMv,4
CDNN4p,4
1ctwGB,2
eBU82S,4
49OqwH,2
L4CUwH,4
uk8wlD,2
qhVyVx,2
MGTsjP,4
Ab3aEO,4
Tw3BdK,2
540ky9,2
6ms6Pi,2
lQ55x0,4
U36PeB,2
IDbYpS,4
3DBC1i,2
cRttDe,2
3ztKtI,2
c88kmM,4
EjTlRb,2
3Zdqsl,2
sMOTiO,2
MNH3yX,2
fZGxsq,2
t4RSFu,4
CJzxh4,2
pe8JA2,4
8KklIp,2
plw8Bu,4
UXgxBg,2
BKU2SY,2
lud8v1,4
zRCn6U,2
QFEukK,2
vvdml4,2
S8Zpmj,4
yXTiwc,4
ComqZp,2
K2xtXQ,2
msQGIk,2
re5Q1a,4
cPiRFl,4
HA490E,2
0z253U,2
WKRZPq,4
QZi2Rl,4
LsQKKP,2
G1lGSV,2
SqaZzv,2
eiZMvG,2
j2qqIL,2
dl70Rd,2
lLH0g3,2
ZdIHH4,2
c6zYij,2
IXW6lR,2
DXSWva,2
rdG8JX,2
hjaIp6,2
JiYmmI,2
BgfWZ4,2
46b0hv,2
J2V6nX,2
XvWgDP,2
FPhWNT,2
DamIZo,2
rOxkFH,2
mdARES,2
g3S336,2
CnXlzM,2
bCukuA,2
WT6hQo,2
OorBWF,2
pZprN9,2
COiBII,2
M1WVzs,2
7un1d9,2
haElu2,2
B9l2Ws,2
hm5tII,2
KbRIGJ,4
ITonrA,2
iV5Zff,2
W0ZhB7,2
9Fg5NA,4
l7ks0J,2
zTWieC,2
4kEhI0,2
UaorwO,4
y4pGtF,4
chloPy,2
z4Birz,4
fPfwQF,2
s4o0Ai,4
pN2xhk,2
m69fME,2
s1KjXu,2
az9peH,2
sU1vm4,2
zMdJig,4
PkVQ3k,4
t80g8p,4
DeLV4F,4
iAcD4l,4
iULewS,2
iSbmSU,2
Xlyxji,2
60VRLB,2
BTZlxG,4
NM4cS1,4
4roRoY,2
XyE059,4
LBga5D,2
Q5wvrr,4
X7WG13,4
zE73PQ,2
onKEIO,4
F3GEpL,4
V7sMMu,4
LvCZJs,2
Q8mX7q,4
GXotUZ,2
QGJ1Ng,2
4ez2xz,2
wb5UQW,2
8u8tDK,2
IaQlQl,4
ewNSUq,4
GDbANF,2
Pi3DuX,4
Szg9Dp,2
u1peXF,2
VXcgvQ,4
ZsNxWf,4
a0CHdU,4
4MbEB5,2
YN8yZG,2
ZaK9zt,4
PcLk0r,4
06OVTe,4
HAEiVD,2
lGoSNW,2
DrOCVt,4
VrxJa3,2
knjvfP,2
odhOrD,2
3XNnqE,4
UqF7B7,4
isR6N8,2
I496gM,2
HZct5H,2
VqWWfk,4
atyKrm,2
BdtciX,2
RE7XJ0,4
DBaDfG,2
BR1r4M,2
MJo5ba,4
0EYgy0,4
HXAtzr,2
9MlOQf,4
hBikXF,2
JYh23c,4
oS1YCR,4
TeIPwc,2
WrX9yy,2
gp674X,2
SA7kXN,4
MSnGh5,2
sXGfZI,2
qr1c94,2
Gv1I54,2
fjITzw,4
c5tRkZ,4
wYnWJC,2
NYsHK2,2
158HSH,4
6tjGhf,2
84Pmc6,2
CAeBgY,2
9m49vf,4
k2Mzhf,2
a3nL1T,2
DTm6FI,4
PkdFhM,4
hBJ9pt,2
F8PPta,2
Bx9Au0,4
Fxheme,4
kHQwTn,2
lQ8zhX,2
CRWENv,2
aBFv0F,2
CjGMKy,2
g7tVIK,4
Px3lwu,2
Gool99,4
2rw5ly,2
zwsMyV,2
Yo8p1I,4
iGZQDn,2
Be6Hn5,2
eUyvlO,2
JC3zM7,2
JqUOuU,2
uTV9O5,2
Yskkha,2
FUnw1d,2
EhVpgv,2
m83n9F,2
2VMK0P,2
mKWsnY,4
AZybbY,2
1w3S16,4
Pdw0tM,2
aEnN3S,2
R7A3S7,2
ylNwvV,4
ylQ1vF,2
C0laIa,2
xhOYKE,4
Dm6tyI,2
0HL0mO,2
jOilDx,4
h1z5NS,4
mLBOsm,2
WaUVEg,4
McIuJ2,2
oMINQU,2
cacLnS,4
NQZeNK,2
GnZoTc,4
pErwui,4
B0umou,4
1jobHC,2
xoQ54t,2
XnBwNS,4
3bdLaH,4
uDRasN,4
MbhWi9,2
pAEtN4,2
INhFGB,2
qQ0Saf,2
kih3SP,2
e3fhZV,2
8dGYZ8,2
nTB2aT,4
20NZsp,2
fG182q,2
bsbUJI,2
2MAENw,2
RCdrWF,4
UhkCn1,2
CgGo9V,2
4Sd33s,2
iK9tma,4
3kgDZE,2
bdYOg4,2
NipEnt,2
066HNQ,2
hNa8zQ,2
SabaJR,2
750aP3,2
JyvkTj,2
TnOSzg,2
Tp3mkc,4
3AdZl0,2
smnFLX,2
qF0f9h,2
PuYxhn,2
HjooyO,2
dFfo2f,4
21Q8i1,2
xzl97b,4
0CN2X9,2
R3bTNt,2
7TAl11,4
sESneQ,4
Igg28q,4
E4uq4S,2
fqQIlN,4
xfKGgz,2
sQIMLg,2
y7X69W,2
T2PQ2Z,2
2pkx7N,4
2YvVYG,2
6Z4g7i,2
gXwLpm,2
JJtGso,2
KJRje5,4
4liFYc,2
aO7BQ2,2
8Ow8Du,4
vUXvrh,2
bCQ3sz,2
kmlgGB,2
E0CVCF,2
Ac3JG7,2
dqIjHE,4
R2v3nQ,4
ITAAOv,4
zWfpHm,2
td3GiG,2
lILnjo,2
7VcrIx,2
SrVU2t,4
WTGCw3,4
rL1TJG,2
RicjUs,2
JFVSdV,2
hLtGMV,4
ICOk6x,2
wpFC1c,2
CkIPwh,2
5wuApq,2
xeTkZP,2
tS3xny,2
doUpPW,4
BVLXDK,2
ZmcUgT,4
FoohjH,4
6GBMJ4,2
aaoXxb,2
GD7irz,4
ToTfjg,4
Xmnw3G,2
Omb9hf,2
QI5C6T,2
2v995u,4
yBGQTT,2
0mNCjI,4
y7xta4,4
bRa58f,4
v71vfh,2
9wgDsx,4
oUHs8Q,2
DtqLFb,4
C9LNL1,4
DYtPMN,4
jNVNxF,2
PcwSxb,2
ya1Btz,2
c5e7ec,2
Gscdi4,2
HSL5TI,2
OHVti2,4
0L3XRH,2
98kcMa,2
JnTTZp,4
vfUs42,2
rqQkPa,2
S5E1VW,2
FhQJ7X,2
OPmLMV,4
iZDbkO,4
o3BTZN,4
WIXmlr,2
FbCTMM,4
LKz6BW,2
IxVdq4,2
RWky1I,2
1haWWJ,4
olrePn,4
l9Bk2l,4
AyANiO,2
RoLS2c,4
Ffx6Je,4
TZadpC,2
JWdQbg,2
ywq3oC,2
e3eK5O,2
CVhpdP,2
BBwQZj,2
yRV6qx,2
pMxntR,2
s1ATI7,2
m4A8un,2
js6Hrk,2
hzskL3,2
Qgl6FH,2
MQWilU,2
bsnzyg,2
N3geZc,2
n6loFR,2
EOfeHB,2
2rAG4F,2
AT6gok,2
MjnJAW,2
eVxVEZ,2
eyL6zF,2
2Hlw4o,2
br2fRW,2
3Xno4S,2
6V2Mnx,2
SOULnq,2
tgaaYV,2
zXM1dx,2
oxEMnj,4
FwxFKl,4
t5l2PR,4
6PDdPL,4
WABhZi,2
BIWicW,2
qakOxn,4
TeRVQJ,2
KmthKD,2
k1zoSR,4
W0fbPS,2
YuEYRv,2
ZLSHZs,2
rrlod2,4
wvQiV4,2
tjLbiz,2
daTJsL,2
3iCa0t,2
gv6ePQ,2
kOiXOe,4
x8JS6h,4
aMJ1Aq,2
h2n6wh,2
qG4Dp3,2
MSbCRB,2
RKk3i1,2
OtzVzb,4
hIqo0p,4
CJimAR,2
692EGb,4
R2cLxv,2
Sj6250,2
yELAgZ,4
W7TGtI,2
FlmSAG,2
hFAteV,4
A0uYCl,4
AFM5Tv,4
HTv7mk,4
bU5BKF,2
bJqiAs,2
PD3pWD,2
IRGAvr,4
ojQTn2,4
lSOhMG,2
sIvUlU,4
YxtG0y,4
xeUhUJ,4
GyreW5,2
CTkDWW,4
aQ8wIt,2
37beGm,4
x8tZtY,4
o4etOR,2
vhuwX1,2
Yv2yui,4
GwMhuN,2
f8ER9G,2
RjnSwF,4
hTGRsW,2
bnnB4h,4
6uzWI3,2
Rm5Kgc,2
zXYK6M,2
o7BfhA,2
lblXXW,2
qZg4ih,2
M4cLNC,2
9MMjDJ,4
uRZIk4,2
QNGd27,2
X3ivi1,2
3NYg2M,4
17p4ID,2
EBMUlr,2
d6U39n,2
n3jB2L,2
UprzoV,4
qf6G8s,4
pcftMw,2
6YXz0L,2
uMWeLJ,2
hEE3dG,2
k5FCHD,2
vMKBLV,2
CSQZGk,2
IFrFez,2
NDmXSg,4
Kwp547,4
KledL0,4
poRm07,2
h6vuKB,2
OndIOw,4
HykA0h,2
dYp3PY,2
W7zY8z,4
6EAd7C,4
vSMMwV,4
CrMXLs,2
XgrzyE,4
etctp0,2
VnVCmk,2
XU0jN7,2
vFaSup,2
5iALk0,4
MnBjpV,2
sYXT7H,2
9p94aN,4
4tiizU,2
cBE0Bc,4
xqCNbJ,2
YILhwV,2
KwwREo,4
wILs64,4
COblEU,2
fjWVfC,2
ZYH3sO,4
7nvDz5,2
hHNmI5,2
Hz0PFy,2
Kga7at,2
feTurN,4
1Kxyc0,4
LZSAHP,2
0RLolM,2
hiVrDM,2
pfIK2S,2
jpHjLU,2
00n2rx,4
fvUtrQ,2
oFEEpy,4
ssSIgO,4
NT9riU,4
BcgiZy,2
7K1jOE,4
zie02K,2
zXBjAh,4
6PCK2M,4
w4lTZn,2
iN9SBo,4
JGea6I,2
HVIopT,4
pdhpH9,2
dPY8DK,2
JWuHZ4,4
9o6Rfg,2
0gPYJn,2
2c3OiA,2
vwRMsF,2
3qFSjn,2
UmAUMF,4
0gHl7w,4
xWbEl0,2
VLsOaP,2
uZ0ogh,4
8CM9cX,4
DDKsEh,2
o4nkKR,2
tcEP33,4
SiAkq4,2
4PCrA0,2
cURJsW,2
KVQWnl,2
ts8yOM,2
cNiyN9,4
BWVyfP,2
0hjs8V,4
wFp8aJ,2
3CgGcJ,4
yUEWmo,2
OL6IuN,2
u6r4lH,2
gNv7Xi,2
YjgIro,2
cfO7KF,4
i9O0MC,2
DxmKik,2
hlA7lD,2
blQi3e,2
3s41wR,2
GZEUgF,4
w8j0yy,2
PHFitT,4
bm7x8W,2
ymK65j,2
9SGaFK,4
eJnQn4,2
7XkqBR,2
5mF4PJ,2
oZtPMs,2
n4iSNw,2
SE8642,2
JGWgz8,2
YzyxNa,2
IiCMma,2
N0oPhc,4
HDs895,4
Z241d9,4
ppa5zm,4
vivvC2,2
ViZ3p0,4
MgUh9K,4
rEvYvn,2
UDJCoJ,4
csqarY,2
9vqsSK,4
P9eGmw,2
aIFBDx,2
EPaemq,2
zxUb19,2
W22NHk,2
1uo0Q6,4
EhPGPS,2
c2B7q9,2
8BHIVx,4
bTCKIc,4
zFOvlg,2
p2WnbH,2
8lwf1O,4
acacst,2
AfsC6g,2
GTmcya,2
rJnOns,2
g8dK72,2
ydxSah,4
XpLx6b,2
ZJBdfi,2
PQdVbe,4
VwhOak,2
f79JdW,2
3Ten71,2
A07XSA,2
SyHBWD,2
ALxKv2,2
BMtNIN,2
p7Ltyv,4
rBz9Dk,2
qr7F6y,4
82ntXB,4
MoyRB6,2
0yScFn,4
O05X9r,2
tuPXr2,2
2ZKYQ5,4
OQ4Nmf,2
lpZkRD,2
PDe0Wy,4
8uIW58,2
CkaKIv,4
JKrpOH,2
bvrdg0,2
hIbGYB,4
6fMCLp,2
TU7fUv,4
1SOLbE,2
4V3FmF,2
OzPsE2,4
5m87eg,2
5Wg4to,2
3WBeSo,2
zjjnNR,4
pSoZ9Y,2
3Wwsxb,4
jO9HiB,2
grz4Ng,4
b8ycJW,4
JCHger,4
rbQMv7,2
3BNnYY,4
EKB8hT,2
vQ00rb,2
LOFDyW,2
3c1h1J,2
NwKKOg,2
EaBCKq,2
A2VwU4,4
qMkMZS,2
cZoOU5,2
i6YiQF,2
bboRCS,2
vYWnEV,2
M2srvs,2
3aSj7S,2
Yi3wtE,2
PBErcJ,2
NMyFEF,2
fsvs6e,2
upOkgd,2
d861TP,2
x4z0OS,2
6uJgjD,2
ifFSxi,2
31B55d,2
nStmb7,2
jTj97w,2
8dsUT0,2
WAsnax,2
ekDvSi,2
KQe7Lo,2
t09vVi,2
wflE61,2
Xs8H8b,2
khU7og,2
95WhPZ,2
r7MuwN,2
lzhEJb,2
Xdc3Vf,2
lBplEn,4
vrifCR,2
kWISOY,4
Hs6VfM,2
NE1LTt,2
elM0TH,2
vs7Ijw,2
dKmqHR,2
Z3mqSJ,4
PSMCNc,4
b5f6m1,4
Tnsnnd,2
jckPlJ,2
7oWV7U,2
OFskH1,2
RjHpJr,2
WgdU3Q,2
F9722s,2
hUPdsJ,2
8a52f0,2
VUn6Kq,2
WnzrCE,2
AQJmx5,2
vRsaS2,4
zoqPwe,2
QlqIV1,4
EwZPJR,2
Yzi779,4
GLxnsT,2
1LW7Dk,4
x1r99W,2
qX5Oil,4
4JtNlw,2
CZAYKD,2
yGakCl,4
1vzJ3S,2
ihtpF1,2
4W5x9G,2
NEMLj1,2
tcQt0K,2
BjPa6V,4
ptxcG0,2
HIRu4G,2
J7Dhkp,2
rxcJvT,2
ah7Ovy,4
t0cBM9,2
gUtJ6v,4
VPUic5,2
lhCWpA,2
pbLrAz,2
QKLQTX,2
VgEEiB,2
n0RFjf,4
1xEy0n,2
SV3mms,4
kqzG8r,2
bc59OD,2
eJoIYw,2
Hp1Nha,4
7ggTmC,2
cdeGWf,4
5pPQEn,2
HMTj1k,2
zhJXpp,2
EFiwst,2
64TdFu,4
KSBVBJ,2
GTy9mb,4
WLq6vw,4
DoJud4,4
1x1HjT,2
yyyedK,2
WgqybC,2
2ZgRju,2
JnD2Ec,2
N3RHa7,4
wnL6nI,2
YejF96,4
khOnM0,4
HPb5ib,4
vOcyx8,2
8Z4Os6,2
NVxpmS,2
rCAdKj,2
9A6R4S,2
DY9yJz,2
nEv4cj,2
3UD8DB,2
G2D8j1,4
TZ2X4W,4
XEom07,4
eYKQDP,2
goydmZ,2
jY58Jn,2
KIhdud,2
gwlmJR,2
0nAVfC,2
H6QrOe,4
5mxtDW,2
qxR6Tu,2
4saLP0,2
bCAkkH,2
KumoyK,2
ywAOS1,4
7vFmNU,4
pDbV4M,4
v0wo6V,4
hNH45x,2
R6DhEJ,2
0jN8iR,2
iA7SK0,2
Ff26B5,4
wuoKIE,2
m4lrPO,2
eQb9Et,2
fPwtnA,4
Sw1Thj,2
vYO9mf,4
v0gFTh,2
xjaGSm,4
eSvEdR,2
2vJI3y,2
X7ZLh6,2
Cmwlub,2
X4wQZu,2
ZJsXZv,2
D4Djif,2
JB33Fu,4
gOBO2v,4
kTYYEi,2
epUILk,2
9EMPFu,4
fzOgyF,2
lgNLxh,4
uWjUtc,2
0wnVUd,4
hlLYqV,2
HcjhrT,4
u3a0Ma,4
UUgso3,4
k0NqoC,4
fROjo4,4
CDnZXl,4
kbCOdL,4
7zKaUZ,2
N46ETI,2
h4gt88,2
zqIcup,4
ocO29x,2
CUU5A0,2
yAAnX8,2
OPraI7,2
DtFG2b,2
Chyuzy,2
73wuXY,2
ka4F8W,2
IReTj9,4
0X9ecg,2
McbUEn,2
LxNOsg,2
3jqefc,4
jrpjD0,4
a0HVnb,2
RaFIIl,2
fTeojM,2
CzTLzm,4
78m1jh,2
j1JUSz,2
PkMQkB,2
Cd3cY3,4
fQ8Hyd,2
TTtxAJ,2
3mrISn,2
0wC02i,2
mL6ZKw,2
kDUZBj,2
AzQ6QO,2
H0GvES,4
AHvZ4G,2
P0sZNt,2
DXfqmr,2
4kfxPl,2
UwSiVk,2
anYWhv,2
281kgF,2
xA111Z,2
Mn5tiU,4
QGJpVx,4
KTsMBp,4
z1uq2e,2
84kQR0,2
6y2XLs,2
Jw4p8Q,2
ArTqqs,2
fS3cKc,2
ZrNYXe,2
4A1Tt9,4
lvCfDg,4
fXv8Re,4
pnvSzO,2
jgDoHV,4
Lwspx6,2
zb6rSk,4
jKdmye,4
KuN0tt,4
DdgDQd,4
RJ5Pz7,4
zgCnUW,4
G6e8Hg,2
gc9q9V,2
JOZokT,2
Kbym9A,4
UrZvqp,2
7viQJH,4
02WVyX,2
yF3XaW,2
39xINw,4
5HaTG9,2
OtaHf8,2
YWwYeh,2
w9bGlo,2
WElPn6,2
0jUpsw,2
piDyhC,2
18X0cl,2
bfg0bG,2
sUEnGv,2
MqFQCb,2
PKpjwj,2
YtLfWG,2
wk4cHj,4
W9Zqnf,4
uKXS2v,2
GV6RJR,2
U4bh3d,2
9L6qGd,2
rzgAVn,2
RZ2wEg,4
tO2TXw,2
mrkMnI,2
VmthaU,2
TUc60B,2
igz0GC,2
jJ6mKi,2
1DoEC2,2
gJX9NP,4
5qSu22,4
xOUubn,2
FnHp92,4
NdUMBm,2
hbRugh,4
pA9vxQ,4
tzFNS6,2
0NdsxI,4
rWCQQr,4
YYbbCS,2
JDrc7D,2
rvbvQ1,2
Uo8P6l,2
KL9XMK,2
et2QyM,4
KKHmYi,2
llkmjO,2
nmvfLa,2
Y2iBB7,4
tXPrTV,2
R6Poxo,2
ztZ1ci,2
gGwbXp,4
FSglnf,2
FnIkyj,4
qFX5Xw,2
rNDk5P,2
YEzuQ6,4
LakzaQ,4
bo3lE6,4
vox2MA,2
BWRCBc,2
X1EpkX,4
VgQyeL,2
ifLaqb,2
QNk2GU,2
Gc3Czn,2
kgyNxH,2
DTEEdf,2
H3QnhY,2
Mkt214,2
Yl7uIN,2
yQhV3R,2
nS5vl0,2
S48kvZ,2
4uv2IE,2
V8TCbZ,2
IorMFK,2
mP2er2,2
osrizw,2
s0AgxM,2
BDyDnt,2
3ebZBZ,2
9n5y8c,2
ax49EG,2
wAV66F,2
dch3GC,2
rZ72Ie,2
wE4VI5,2
O7qnoz,2
6oL9xY,2
lZV2Zp,2
9xNVrU,2
71Zzzt,2
03HFXz,2
iXXpko,2
EVPatN,2
JEsgwM,2
yt6ZZH,4
y7tJnL,2
pdU7Cb,2
iznCkd,4
L2Xrfx,2
5VRUVr,4
o7cW9e,2
tNhJWw,4
2au0Si,2
UPPc0n,2
skIY8b,4
YBjT0i,2
0qYQ3Y,4
Z3O2nX,2
FrXIdZ,4
cp5Ew6,4
MsIRRq,2
R4ncj8,4
BuxqLS,2
i93pVR,2
lCs3K2,2
j8RlUk,4
QVVa92,2
6veCWV,2
kzsB8j,2
fH0lNm,4
36FJj1,2
PXZQTc,4
uHHmLK,2
ogHxxy,4
B0mMsW,4
5ja4tI,2
P28GPZ,4
jtSkSx,2
NG6n5h,2
24sKNu,4
3QcOcR,4
eJIyr1,2
6oWyxp,2
FhSvUK,2
V6KTcc,2
swTcTZ,4
EjJ23e,2
WDhPm4,2
nm6zvk,2
FHazoZ,4
NhAYgr,2
zaKfzC,2
4GQreP,2
8OiYws,2
hjCLcr,2
FUbNVG,2
wPRX7k,4
9Lz2so,4
QL9B88,4
s8nonG,2
i25WeG,2
I6mfd8,4
LbPeVL,4
AtoDOL,2
2I5kAs,4
vJSxlf,4
UWQmAu,2
TDHvpQ,2
ftnaXU,2
BOKZvK,2
2ImLUl,2
4GEKzH,2
IuHPWg,2
iOSeEu,4
tG2Wl0,4
85fNA5,2
uZBcQk,2
IEKRZZ,2
EdLKGA,4
ckFD3i,4
O3Oypd,2
WsgRP5,4
9vYmaL,2
I79psc,2
rYEH4u,2
SnXD7d,2
jIVeqm,4
B04yCG,2
gUpEqG,2
9fDWpR,2
Uu6wwk,2
P9d6QO,4
81cE8B,2
KF83bA,2
BhEKWq,4
UHvnyB,2
I8IHnt,2
qoXD9K,2
l513Du,2
8nZSAf,2
NRYcFs,4
4YPTXo,4
XJv2bt,2
C3kNNE,2
7gjwqt,4
gObbZ8,2
7hBSEa,2
8xAdjC,2
JUcKO2,2
qv76Be,2
RFKgQ7,2
tHMZVB,2
QFDSep,2
yKUA5P,2
CDF8hc,4
IOl3cv,2
KA4qW7,2
oyjYnJ,2
BBVF3x,2
Z6Ol0R,4
k8aM69,2
OYQ6Hb,4
BATU8V,4
DIjDoM,4
33f2Ao,4
fmNCYc,2
07DGaD,2
K6CtNl,2
SjPtQu,4
OXEppG,2
4EjpZZ,2
nv5gHQ,2
Lcoc4L,2
duO3I9,4
Hd7Ptq,2
sUKAUv,2
lFWwPG,4
pafo2k,4
MXZuhu,2
2KfaGM,2
pZcQcf,4
SvlOsB,2
x35IiS,2
PnnAdy,4
t0JW1G,4
9m1esC,4
KJeSGM,2
IiIMhe,4
RASWgN,2
wVoQ9S,2
qWI4tE,4
CQOTnu,4
pUyitC,2
20V4v6,2
pNtSD1,2
LBD1U6,2
RyDdC2,2
rHEtHq,2
c81dyw,4
qPMhnu,2
l2keZW,2
qfbtcg,4
En9J6l,2
UEHI4E,2
iqQsXg,2
X1ASdf,2
mvzWIJ,4
4dHcdU,2
D1EBy1,4
IvS2UH,4
yv1DRG,4
5pe5EN,2
rbNHlr,4
paNYRw,2
MKtIPR,2
VkDjzM,2
YNNnMH,2
yGAcJQ,2
OT7UXX,4
dtoE2y,2
NWKfDF,2
xVbwrd,4
DRfpvy,2
95x5Td,4
b47tyf,4
A8lX6h,2
VnjNo3,2
lLiKki,2
V1KxIE,4
aQHuxN,2
jUSBFl,4
dqZlWY,2
Ul1oLF,4
cO6bDx,4
3JKP99,2
q2YSlk,2
NlUkhb,2
mGlUc5,4
MSwGkJ,4
EMjs5D,4
qlprU2,2
LJcWkz,2
4VvBdh,2
kQpFRG,2
K3II3H,2
rm1Fru,2
mAHZPB,2
aOthdn,4
YiPk0e,4
itd48P,2
jHiBK9,4
xv0J1X,4
L0WWHw,4
6tpSAj,2
adYwPK,4
1DYPDU,4
gVdtF6,2
zAZgkV,2
s8ie2O,4
uyzG68,2
qe2HRD,4
OEFmPC,4
BKcCRp,2
NW8UV4,4
14IA4A,2
cUJcEV,2
jdtk8G,2
d2Efvo,2
XJuZ7E,4
VvB4rD,2
Pyrl3I,2
x0OoHH,2
Q4fo9l,2
Q6uSl4,4
MBnNaa,4
THhTXk,2
R8gJWY,2
MQD0PF,2
RVAZlH,2
wWEcd7,2
7nmnL3,2
nzVfEH,4
XIxDtu,2
iizviK,2
JX6HrV,2
zOEYn9,2
yMJCJ6,2
vrz4W9,4
yY2iit,2
kr0LdM,4
9dFRMq,2
sGF4Eo,2
9McP9b,2
PQtcMz,4
tUsgQQ,2
Sxk975,4
TcM3Gk,2
fmLrzl,4
CD9SoT,4
